NoNota,TglNota,NmSupplier,Keterangan,Total,Pembayaran,TglFaktur,NoFaktur,Retur,TransBy
012024/NPB/000041,2024-01-09,AICE MADIUN,,"Rp2,231,999",KREDIT,2024-01-09,,0,IKA
012024/NPB/000079,2024-01-16,AICE MADIUN,,"Rp55,000",KREDIT,2024-01-16,,0,IKA
012024/NPB/000080,2024-01-16,AICE MADIUN,,"Rp2,160,008",KREDIT,2024-01-16,,0,IKA
012024/NPB/000101,2024-01-23,AICE MADIUN,,"Rp2,041,993",KREDIT,2024-01-23,,0,IKA
012024/NPB/000141,2024-01-30,AICE MADIUN,,"Rp2,720,508",KREDIT,2024-01-30,,0,IKA
022024/NPB/000018,2024-02-09,AICE MADIUN,,"Rp2,243,708",KREDIT,2024-02-09,,0,IKA
022024/NPB/000042,2024-02-16,AICE MADIUN,,"Rp2,150,577",KREDIT,2024-02-16,,0,IKA
022024/NPB/000056,2024-02-20,AICE MADIUN,,"Rp1,299,264",KREDIT,2024-02-20,,0,IKA
032024/NPB/000006,2024-03-05,AICE MADIUN,,"Rp1,089,016",KREDIT,2024-03-05,,0,IKA
042024/NPB/000037,2024-04-23,AICE MADIUN,,"Rp595,500",KREDIT,2024-04-23,,0,IKA
042024/NPB/000038,2024-04-23,AICE MADIUN,,"Rp1,043,000",KREDIT,2024-04-23,,0,IKA
042024/NPB/000039,2024-04-23,AICE MADIUN,,"Rp555,484",KREDIT,2024-04-23,,0,IKA
042024/NPB/000040,2024-04-23,AICE MADIUN,,"Rp498,100",KREDIT,2024-04-23,,0,IKA
042024/NPB/000041,2024-04-23,AICE MADIUN,,"Rp150,480",KREDIT,2024-04-23,,0,IKA
042024/NPB/000231,2024-04-30,AICE MADIUN,,"Rp788,080",TUNAI,2024-04-30,,0,MEI
042024/NPB/000232,2024-04-30,AICE MADIUN,,"Rp22,940",TUNAI,2024-04-30,,0,MEI
042024/NPB/000233,2024-04-30,AICE MADIUN,,"Rp688,000",TUNAI,2024-04-30,,0,MEI
042024/NPB/000234,2024-04-30,AICE MADIUN,,"Rp657,000",TUNAI,2024-04-30,,0,MEI
042024/NPB/000235,2024-04-30,AICE MADIUN,,"Rp556,500",TUNAI,2024-04-30,,0,MEI
042024/NPB/000237,2024-04-30,AICE MADIUN,,"Rp504,000",TUNAI,2024-04-30,,0,MEI
052024/NPB/000080,2024-05-07,AICE MADIUN,,"Rp2,656,000",TUNAI,2024-05-07,,0,MEI
052024/NPB/000135,2024-05-11,AICE MADIUN,,"Rp2,150,001",TUNAI,2024-05-11,,0,MEI
052024/NPB/000163,2024-05-14,AICE MADIUN,,"Rp1,105,501",TUNAI,2024-05-14,,0,MEI
052024/NPB/000226,2024-05-25,AICE MADIUN,,"Rp3,005,517",TUNAI,2024-05-25,,0,MEI
062024/NPB/000017,2024-06-04,AICE MADIUN,,"Rp2,684,001",KREDIT,2024-06-04,,0,MEI
062024/NPB/000054,2024-06-11,AICE MADIUN,,"Rp2,260,501",KREDIT,2024-06-11,,0,MEI
102023/NPB/000059,2023-10-24,AICE MADIUN,,"Rp1,616,199",TUNAI,2023-10-24,,0,IKA
112023/NPB/000010,2023-11-03,AICE MADIUN,,"Rp1,112,600",KREDIT,2023-11-03,,0,IKA
112023/NPB/000022,2023-11-07,AICE MADIUN,,"Rp978,993",TUNAI,2023-11-07,,0,IKA
112023/NPB/000049,2023-11-13,AICE MADIUN,,"Rp1,558,100",TUNAI,2023-11-13,,0,IKA
112023/NPB/000072,2023-11-18,AICE MADIUN,,"Rp992,600",TUNAI,2023-11-18,,0,IKA
112023/NPB/000081,2023-11-21,AICE MADIUN,,"Rp1,633,109",KREDIT,2023-11-21,,0,IKA
112023/NPB/000109,2023-11-28,AICE MADIUN,,"Rp1,973,199",KREDIT,2023-11-28,,0,IKA
122023/NPB/000051,2023-12-12,AICE MADIUN,,"Rp2,148,708",KREDIT,2023-12-12,,0,IKA
122023/NPB/000076,2023-12-19,AICE MADIUN,,"Rp1,061,500",KREDIT,2023-12-19,,0,IKA
122023/NPB/000100,2023-12-26,AICE MADIUN,,"Rp2,117,009",KREDIT,2023-12-26,,0,IKA
122023/NPB/000124,2023-12-31,AICE MADIUN,,"Rp1,276,500",KREDIT,2023-12-31,,0,IKA
052024/NPB/000036,2024-05-02,ANGKASA,,"Rp19,001",TUNAI,2024-05-01,,0,MEI
052024/NPB/000051,2024-05-04,ANGKASA,,"Rp31,200",TUNAI,2024-05-01,,0,MEI
052024/NPB/000108,2024-05-09,ARMIDAS GONTOR,,"Rp225,000",KREDIT,2024-05-09,,0,MEI
052024/NPB/000223,2024-05-25,BBC BIB BIB COLLECTION,,"Rp222,400",KREDIT,2024-05-25,,0,MEI
102023/NPB/000084,2023-10-28,BEAR BRAND,,"Rp2,831,400",TUNAI,2023-10-28,,0,IKA
012024/NPB/000082,2024-01-17,CV CHAMPION ABADI PERKASA,,"Rp2,353,877",KREDIT,2024-01-17,,0,IKA
012024/NPB/000151,2024-01-31,CV CHAMPION ABADI PERKASA,,"Rp2,420,513",TUNAI,2024-01-31,,0,IKA
012024/NPB/000152,2024-01-31,CV CHAMPION ABADI PERKASA,,"Rp144,396",TUNAI,2024-01-31,,0,IKA
022024/NPB/000043,2024-02-16,CV CHAMPION ABADI PERKASA,,"Rp1,860,828",KREDIT,2024-02-16,,0,IKA
042024/NPB/000056,2024-04-24,CV CHAMPION ABADI PERKASA,,"Rp261,404",TUNAI,2024-04-24,,0,IKA
042024/NPB/000057,2024-04-24,CV CHAMPION ABADI PERKASA,,"Rp1,072,257",TUNAI,2024-04-24,,0,IKA
052024/NPB/000084,2024-05-08,CV CHAMPION ABADI PERKASA,,"Rp469,200",TUNAI,2024-05-08,,0,MEI
062024/NPB/000023,2024-06-05,CV CHAMPION ABADI PERKASA,,"Rp4,935,810",TUNAI,2024-06-05,,0,MEI
112023/NPB/000028,2023-11-08,CV CHAMPION ABADI PERKASA,,"Rp1,735,161",TUNAI,2023-11-08,,0,IKA
112023/NPB/000089,2023-11-22,CV CHAMPION ABADI PERKASA,,"Rp1,271,682",TUNAI,2023-11-22,,0,IKA
122023/NPB/000031,2023-12-06,CV CHAMPION ABADI PERKASA,,"Rp1,452,788",TUNAI,2023-12-06,,0,IKA
122023/NPB/000079,2023-12-20,CV CHAMPION ABADI PERKASA,,"Rp1,752,264",TUNAI,2023-12-20,,0,IKA
012024/NPB/000053,2024-01-12,CV. CAHAYA SURYA ,,"Rp917,800",TUNAI,2024-01-12,,0,IKA
012024/NPB/000122,2024-01-26,CV. CAHAYA SURYA ,,"Rp796,000",KREDIT,2024-01-26,,0,IKA
022024/NPB/000045,2024-02-17,CV. CAHAYA SURYA ,,"Rp987,800",KREDIT,2024-02-17,,0,IKA
022024/NPB/000076,2024-02-29,CV. CAHAYA SURYA ,,"Rp839,800",KREDIT,2024-02-29,,0,IKA
112023/NPB/000008,2023-11-02,CV. CAHAYA SURYA ,,"Rp1,237,800",TUNAI,2023-11-02,,0,IKA
112023/NPB/000060,2023-11-16,CV. CAHAYA SURYA ,,"Rp1,101,000",TUNAI,2023-11-16,,0,IKA
112023/NPB/000119,2023-11-30,CV. CAHAYA SURYA ,,"Rp976,000",TUNAI,2023-11-30,,0,IKA
122023/NPB/000115,2023-12-28,CV. CAHAYA SURYA ,,"Rp976,000",TUNAI,2023-12-28,,0,IKA
052024/NPB/000265,2024-05-31,CV. JAGO DISTRIBUTION,,"Rp527,472",KREDIT,2024-05-31,,0,MEI
062024/NPB/000003,2024-06-01,CV. JAGO DISTRIBUTION,,"Rp581,640",KREDIT,2024-05-31,,0,MEI
012024/NPB/000047,2024-01-11,CV. PRATAMA JAYA,,"Rp578,020",KREDIT,2024-01-11,,0,IKA
012024/NPB/000115,2024-01-25,CV. PRATAMA JAYA,,"Rp767,388",KREDIT,2024-01-25,,0,IKA
022024/NPB/000069,2024-02-23,CV. PRATAMA JAYA,,"Rp504,532",KREDIT,2024-02-23,,0,IKA
052024/NPB/000149,2024-05-13,CV. PRATAMA JAYA,,"Rp2,205,402",TUNAI,2024-05-13,,0,MEI
052024/NPB/000248,2024-05-30,CV. PRATAMA JAYA,,"Rp2,301,001",TUNAI,2024-05-30,,0,MEI
052024/NPB/000262,2024-05-31,CV. PRATAMA JAYA,,"Rp2,828,329",KREDIT,2024-05-31,,0,MEI
102023/NPB/000044,2023-10-21,CV. PRATAMA JAYA,,"Rp578,028",KREDIT,2023-10-21,,0,IKA
122023/NPB/000054,2023-12-13,CV. PRATAMA JAYA,,"Rp698,852",KREDIT,2023-12-13,,0,IKA
122023/NPB/000078,2023-12-20,CV. PRATAMA JAYA,,"Rp851,000",TUNAI,2023-12-20,,0,IKA
012024/NPB/000100,2024-01-23,CV. TIRTA RAHARJA (SUB. DIST. MAYORA),,"Rp1,839,400",TUNAI,2024-01-23,,0,IKA
022024/NPB/000016,2024-02-09,CV. TIRTA RAHARJA (SUB. DIST. MAYORA),,"Rp1,128,600",TUNAI,2024-02-09,,0,IKA
012024/NPB/000031,2024-01-06,CV. TIRTA WARNA,,"Rp327,500",TUNAI,2024-01-06,,0,IKA
012024/NPB/000050,2024-01-11,CV. TIRTA WARNA,,"Rp190,500",TUNAI,2024-01-11,,0,IKA
012024/NPB/000117,2024-01-25,CV. TIRTA WARNA,,"Rp376,000",TUNAI,2024-01-25,,0,IKA
022024/NPB/000006,2024-02-05,CV. TIRTA WARNA,,"Rp576,000",TUNAI,2024-02-05,,0,IKA
022024/NPB/000038,2024-02-15,CV. TIRTA WARNA,,"Rp175,000",TUNAI,2024-02-15,,0,IKA
022024/NPB/000054,2024-02-19,CV. TIRTA WARNA,,"Rp225,000",TUNAI,2024-02-19,,0,IKA
052024/NPB/000007,2024-05-01,CV. TIRTA WARNA,,"Rp68,000",TUNAI,2024-05-01,,0,MEI
052024/NPB/000008,2024-05-01,CV. TIRTA WARNA,,"Rp37,000",TUNAI,2024-05-01,,0,MEI
052024/NPB/000032,2024-05-02,CV. TIRTA WARNA,,"Rp199,000",TUNAI,2024-05-01,,0,IKA
052024/NPB/000093,2024-05-09,CV. TIRTA WARNA,,"Rp463,000",TUNAI,2024-05-09,,0,MEI
052024/NPB/000225,2024-05-25,CV. TIRTA WARNA,,"Rp20,002",TUNAI,2024-05-25,,0,MEI
062024/NPB/000069,2024-06-14,CV. TIRTA WARNA,,"Rp714,910",TUNAI,2024-06-14,,0,MEI
102023/NPB/000050,2023-10-23,CV. TIRTA WARNA,,"Rp119,000",KREDIT,2023-10-23,,0,IKA
112023/NPB/000005,2023-11-01,CV. TIRTA WARNA,,"Rp455,500",TUNAI,2023-11-01,,0,IKA
122023/NPB/000033,2023-12-06,CV. TIRTA WARNA,,"Rp264,000",TUNAI,2023-12-06,,0,IKA
122023/NPB/000070,2023-12-15,CV. TIRTA WARNA,,"Rp365,000",TUNAI,2023-12-15,,0,IKA
012024/NPB/000134,2024-01-27,CV. TRIPLE H (SRI HASTUTI),,"Rp1,359,600",KREDIT,2024-01-27,,0,IKA
052024/NPB/000241,2024-05-29,CV. TRIPLE H (SRI HASTUTI),,"Rp650,220",TUNAI,2024-05-29,,0,MEI
102023/NPB/000045,2023-10-21,CV. TRIPLE H (SRI HASTUTI),,"Rp1,213,134",KREDIT,2023-10-21,,0,IKA
112023/NPB/000073,2023-11-18,CV. TRIPLE H (SRI HASTUTI),,"Rp1,117,414",KREDIT,2023-11-18,,0,IKA
122023/NPB/000123,2023-12-30,CV. TRIPLE H (SRI HASTUTI),,"Rp824,424",KREDIT,2023-12-30,,0,IKA
052024/NPB/000092,2024-05-09,FAMILIZONE,,"Rp1,919,700",TUNAI,2024-05-09,,0,MEI
052024/NPB/000264,2024-05-31,HATARI,,"Rp235,096",TUNAI,2024-05-31,,0,MEI
062024/NPB/000058,2024-06-12,HATARI,,"Rp431,825",TUNAI,2024-06-12,,0,MEI
052024/NPB/000072,2024-05-06,JAHIS COFFEE SHOP,,"Rp54,000",KREDIT,2024-05-06,,0,MEI
042024/NPB/000043,2024-04-24,KANTIN PASCA,,"Rp106,000",KREDIT,2024-04-24,,0,IKA
042024/NPB/000093,2024-04-25,KANTIN PASCA,,"Rp33,000",KREDIT,2024-04-25,,0,IKA
042024/NPB/000162,2024-04-28,KANTIN PASCA,,"Rp225,000",KREDIT,2024-04-28,,0,MEI
042024/NPB/000203,2024-04-29,KANTIN PASCA,,"Rp265,000",KREDIT,2024-04-29,,0,MEI
042024/NPB/000214,2024-04-30,KANTIN PASCA,,"Rp180,000",KREDIT,2024-04-30,,0,MEI
042024/NPB/000218,2024-04-30,KANTIN PASCA,,"Rp160,000",KREDIT,2024-04-30,,0,MEI
042024/NPB/000236,2024-04-30,KANTIN PASCA,,"Rp45,000",KREDIT,2024-04-30,,0,MEI
052024/NPB/000006,2024-05-01,KANTIN PASCA,,"Rp225,000",KREDIT,2024-05-01,,0,MEI
052024/NPB/000029,2024-05-02,KANTIN PASCA,,"Rp195,000",KREDIT,2024-05-02,,0,MEI
052024/NPB/000030,2024-05-02,KANTIN PASCA,,"Rp119,000",KREDIT,2024-05-02,,0,MEI
052024/NPB/000035,2024-05-02,KANTIN PASCA,,"Rp241,000",TUNAI,2024-05-02,,0,MEI
052024/NPB/000044,2024-05-03,KANTIN PASCA,,"Rp494,000",KREDIT,2024-05-03,,0,MEI
052024/NPB/000049,2024-05-04,KANTIN PASCA,,"Rp140,000",KREDIT,2024-05-04,,0,MEI
052024/NPB/000055,2024-05-05,KANTIN PASCA,,"Rp216,000",KREDIT,2024-05-05,,0,MEI
052024/NPB/000057,2024-05-05,KANTIN PASCA,,"Rp25,200",KREDIT,2024-05-05,,0,MEI
052024/NPB/000066,2024-05-05,KANTIN PASCA,,"Rp141,000",TUNAI,2024-05-05,,0,IKA
052024/NPB/000067,2024-05-05,KANTIN PASCA,,"Rp112,000",KREDIT,2024-05-05,,0,MEI
052024/NPB/000070,2024-05-06,KANTIN PASCA,,"Rp70,000",KREDIT,2024-05-06,,0,MEI
052024/NPB/000073,2024-05-06,KANTIN PASCA,,"Rp182,000",KREDIT,2024-05-06,,0,MEI
052024/NPB/000077,2024-05-07,KANTIN PASCA,,"Rp423,000",KREDIT,2024-05-07,,0,MEI
052024/NPB/000079,2024-05-07,KANTIN PASCA,,"Rp110,000",KREDIT,2024-05-07,,0,MEI
052024/NPB/000081,2024-05-07,KANTIN PASCA,,"Rp87,500",KREDIT,2024-05-07,,0,MEI
052024/NPB/000082,2024-05-08,KANTIN PASCA,,"Rp484,000",KREDIT,2024-05-08,,0,MEI
052024/NPB/000086,2024-05-08,KANTIN PASCA,,"Rp158,500",KREDIT,2024-05-08,,0,MEI
052024/NPB/000087,2024-05-09,KANTIN PASCA,,"Rp154,000",KREDIT,2024-05-09,,0,MEI
052024/NPB/000090,2024-05-09,KANTIN PASCA,,"Rp318,000",KREDIT,2024-05-09,,0,MEI
052024/NPB/000091,2024-05-09,KANTIN PASCA,,"Rp90,000",KREDIT,2024-05-09,,0,MEI
052024/NPB/000103,2024-05-09,KANTIN PASCA,,"Rp249,000",KREDIT,2024-05-09,,0,MEI
052024/NPB/000113,2024-05-10,KANTIN PASCA,,"Rp333,000",KREDIT,2024-05-10,,0,MEI
052024/NPB/000118,2024-05-10,KANTIN PASCA,,"Rp95,400",KREDIT,2024-05-10,,0,MEI
052024/NPB/000130,2024-05-11,KANTIN PASCA,,"Rp305,500",KREDIT,2024-05-11,,0,MEI
052024/NPB/000147,2024-05-13,KANTIN PASCA,,"Rp30,000",KREDIT,2024-05-13,,0,MEI
052024/NPB/000150,2024-05-13,KANTIN PASCA,,"Rp120,000",TUNAI,2024-05-13,,0,MEI
052024/NPB/000154,2024-05-13,KANTIN PASCA,,"Rp198,000",KREDIT,2024-05-13,,0,IKA
052024/NPB/000159,2024-05-13,KANTIN PASCA,,"Rp493,000",KREDIT,2024-05-13,,0,MEI
052024/NPB/000160,2024-05-14,KANTIN PASCA,,"Rp400,500",KREDIT,2024-05-14,,0,MEI
052024/NPB/000168,2024-05-15,KANTIN PASCA,,"Rp216,000",KREDIT,2024-05-15,,0,MEI
052024/NPB/000173,2024-05-15,KANTIN PASCA,,"Rp110,000",KREDIT,2024-05-15,,0,MEI
052024/NPB/000176,2024-05-16,KANTIN PASCA,,"Rp240,000",KREDIT,2024-05-16,,0,MEI
052024/NPB/000178,2024-05-17,KANTIN PASCA,,"Rp418,500",KREDIT,2024-05-17,,0,MEI
052024/NPB/000183,2024-05-17,KANTIN PASCA,,"Rp330,000",KREDIT,2024-05-17,,0,MEI
052024/NPB/000184,2024-05-18,KANTIN PASCA,,"Rp156,000",KREDIT,2024-05-18,,0,MEI
052024/NPB/000187,2024-05-19,KANTIN PASCA,,"Rp368,000",KREDIT,2024-05-19,,0,MEI
052024/NPB/000189,2024-05-20,KANTIN PASCA,,"Rp234,000",KREDIT,2024-05-20,,0,MEI
052024/NPB/000190,2024-05-20,KANTIN PASCA,,"Rp99,000",KREDIT,2024-05-20,,0,MEI
052024/NPB/000193,2024-05-21,KANTIN PASCA,,"Rp350,000",KREDIT,2024-05-21,,0,MEI
052024/NPB/000195,2024-05-21,KANTIN PASCA,,"Rp102,000",KREDIT,2024-05-21,,0,MEI
052024/NPB/000196,2024-05-22,KANTIN PASCA,,"Rp381,000",KREDIT,2024-05-22,,0,MEI
052024/NPB/000203,2024-05-23,KANTIN PASCA,,"Rp336,000",KREDIT,2024-05-23,,0,MEI
052024/NPB/000204,2024-05-23,KANTIN PASCA,,"Rp175,000",KREDIT,2024-05-23,,0,MEI
052024/NPB/000213,2024-05-24,KANTIN PASCA,,"Rp345,000",KREDIT,2024-05-24,,0,MEI
052024/NPB/000222,2024-05-25,KANTIN PASCA,,"Rp237,000",KREDIT,2024-05-25,,0,MEI
052024/NPB/000227,2024-05-25,KANTIN PASCA,,"Rp90,000",KREDIT,2024-05-25,,0,MEI
052024/NPB/000229,2024-05-26,KANTIN PASCA,,"Rp150,000",KREDIT,2024-05-26,,0,MEI
052024/NPB/000230,2024-05-27,KANTIN PASCA,,"Rp229,200",KREDIT,2024-05-27,,0,MEI
052024/NPB/000236,2024-05-28,KANTIN PASCA,,"Rp408,000",KREDIT,2024-05-28,,0,MEI
052024/NPB/000239,2024-05-29,KANTIN PASCA,,"Rp520,000",KREDIT,2024-05-29,,0,MEI
052024/NPB/000245,2024-05-30,KANTIN PASCA,,"Rp522,500",TUNAI,2024-05-30,,0,MEI
052024/NPB/000258,2024-05-31,KANTIN PASCA,,"Rp548,500",KREDIT,2024-05-31,,0,MEI
062024/NPB/000001,2024-06-01,KANTIN PASCA,,"Rp280,000",KREDIT,2024-06-01,,0,MEI
062024/NPB/000008,2024-06-02,KANTIN PASCA,,"Rp335,000",KREDIT,2024-06-02,,0,MEI
062024/NPB/000010,2024-06-03,KANTIN PASCA,,"Rp573,000",KREDIT,2024-06-03,,0,IKA
062024/NPB/000015,2024-06-04,KANTIN PASCA,,"Rp305,000",KREDIT,2024-06-04,,0,MEI
062024/NPB/000021,2024-06-05,KANTIN PASCA,,"Rp270,000",KREDIT,2024-06-05,,0,MEI
062024/NPB/000025,2024-06-05,KANTIN PASCA,,"Rp80,000",KREDIT,2024-06-05,,0,MEI
062024/NPB/000027,2024-06-06,KANTIN PASCA,,"Rp221,400",KREDIT,2024-06-06,,0,IKA
062024/NPB/000037,2024-06-07,KANTIN PASCA,,"Rp582,000",KREDIT,2024-06-07,,0,MEI
062024/NPB/000039,2024-06-08,KANTIN PASCA,,"Rp424,000",TUNAI,2024-06-08,,0,MEI
062024/NPB/000045,2024-06-09,KANTIN PASCA,,"Rp525,000",KREDIT,2024-06-09,,0,MEI
062024/NPB/000049,2024-06-10,KANTIN PASCA,,"Rp568,000",KREDIT,2024-06-10,,0,MEI
062024/NPB/000051,2024-06-10,KANTIN PASCA,,"Rp180,000",KREDIT,2024-06-10,,0,MEI
062024/NPB/000052,2024-06-11,KANTIN PASCA,,"Rp441,000",KREDIT,2024-06-11,,0,MEI
062024/NPB/000059,2024-06-12,KANTIN PASCA,,"Rp610,500",KREDIT,2024-06-12,,0,MEI
062024/NPB/000061,2024-06-12,KANTIN PASCA,,"Rp105,000",KREDIT,2024-06-12,,0,MEI
062024/NPB/000065,2024-06-13,KANTIN PASCA,,"Rp470,000",KREDIT,2024-06-13,,0,MEI
062024/NPB/000068,2024-06-14,KANTIN PASCA,,"Rp532,000",KREDIT,2024-06-14,,0,MEI
012024/NPB/000011,2024-01-04,LA TANSA BAKERY,,"Rp1,395,500",KREDIT,2024-01-04,,30100,IKA
012024/NPB/000043,2024-01-09,LA TANSA BAKERY,,"Rp2,061,500",KREDIT,2024-01-09,,0,IKA
012024/NPB/000077,2024-01-16,LA TANSA BAKERY,,"Rp1,774,800",KREDIT,2024-01-16,,248100,IKA
012024/NPB/000089,2024-01-19,LA TANSA BAKERY,,"Rp625,200",KREDIT,2024-01-19,,0,IKA
012024/NPB/000121,2024-01-26,LA TANSA BAKERY,,"Rp726,700",KREDIT,2024-01-26,,0,IKA
022024/NPB/000036,2024-02-14,LA TANSA BAKERY,,"Rp1,169,000",KREDIT,2024-02-14,,0,IKA
022024/NPB/000049,2024-02-18,LA TANSA BAKERY,,"Rp509,200",KREDIT,2024-02-18,,4300,IKA
022024/NPB/000061,2024-02-22,LA TANSA BAKERY,,"Rp1,600,200",KREDIT,2024-02-22,,11100,IKA
022024/NPB/000070,2024-02-25,LA TANSA BAKERY,,"Rp1,423,500",KREDIT,2024-02-25,,24200,IKA
042024/NPB/000066,2024-04-25,LA TANSA BAKERY,,"Rp1,466,300",KREDIT,2024-04-25,,0,IKA
042024/NPB/000164,2024-04-28,LA TANSA BAKERY,,"Rp2,003,800",KREDIT,2024-04-28,,0,MEI
042024/NPB/000165,2024-04-28,LA TANSA BAKERY,,"Rp4,300",KREDIT,2024-04-28,,0,MEI
042024/NPB/000166,2024-04-28,LA TANSA BAKERY,,"Rp219,300",KREDIT,2024-04-28,,0,MEI
042024/NPB/000224,2024-04-30,LA TANSA BAKERY,,"Rp1,642,500",KREDIT,2024-04-30,,0,MEI
052024/NPB/000045,2024-05-03,LA TANSA BAKERY,,"Rp1,101,100",KREDIT,2024-05-03,,0,MEI
052024/NPB/000058,2024-05-05,LA TANSA BAKERY,,"Rp840,400",KREDIT,2024-05-05,,0,MEI
052024/NPB/000075,2024-05-07,LA TANSA BAKERY,,"Rp813,200",KREDIT,2024-05-07,,0,MEI
052024/NPB/000111,2024-05-10,LA TANSA BAKERY,,"Rp1,754,400",KREDIT,2024-05-10,,0,MEI
052024/NPB/000179,2024-05-17,LA TANSA BAKERY,,"Rp1,396,200",TUNAI,2024-05-17,,0,MEI
052024/NPB/000194,2024-05-21,LA TANSA BAKERY,,"Rp731,000",KREDIT,2024-05-21,,0,MEI
052024/NPB/000217,2024-05-24,LA TANSA BAKERY,,"Rp1,440,500",KREDIT,2024-05-24,,0,MEI
052024/NPB/000240,2024-05-29,LA TANSA BAKERY,,"Rp481,600",TUNAI,2024-05-29,,0,MEI
052024/NPB/000259,2024-05-31,LA TANSA BAKERY,,"Rp640,300",TUNAI,2024-05-31,,0,MEI
062024/NPB/000009,2024-06-02,LA TANSA BAKERY,,"Rp348,300",KREDIT,2024-06-02,,0,MEI
062024/NPB/000022,2024-06-05,LA TANSA BAKERY,,"Rp715,400",KREDIT,2024-06-05,,0,MEI
062024/NPB/000070,2024-06-14,LA TANSA BAKERY,,"Rp1,529,700",TUNAI,2024-06-14,,0,MEI
102023/NPB/000002,2023-10-19,LA TANSA BAKERY,,"Rp1,634,000",KREDIT,2023-10-19,,0,IKA
102023/NPB/000003,2023-10-19,LA TANSA BAKERY,,"Rp1,573,800",KREDIT,2023-10-19,,0,IKA
102023/NPB/000005,2023-10-19,LA TANSA BAKERY,,"Rp1,311,500",KREDIT,2023-10-19,,0,IKA
102023/NPB/000058,2023-10-24,LA TANSA BAKERY,,"Rp1,870,500",KREDIT,2023-10-24,,232200,IKA
102023/NPB/000089,2023-10-31,LA TANSA BAKERY,,"Rp1,986,600",KREDIT,2023-10-31,,258000,IKA
112023/NPB/000021,2023-11-07,LA TANSA BAKERY,,"Rp2,143,600",KREDIT,2023-11-07,,206400,IKA
112023/NPB/000053,2023-11-13,LA TANSA BAKERY,,"Rp1,801,700",KREDIT,2023-11-13,,361200,IKA
112023/NPB/000078,2023-11-21,LA TANSA BAKERY,,"Rp1,255,600",KREDIT,2023-11-21,,236500,IKA
112023/NPB/000094,2023-11-24,LA TANSA BAKERY,,"Rp1,535,100",KREDIT,2023-11-24,,12900,IKA
112023/NPB/000108,2023-11-28,LA TANSA BAKERY,,"Rp494,500",KREDIT,2023-11-28,,17200,IKA
122023/NPB/000001,2023-12-01,LA TANSA BAKERY,,"Rp627,800",KREDIT,2023-12-01,,275200,IKA
122023/NPB/000025,2023-12-05,LA TANSA BAKERY,,"Rp1,509,300",KREDIT,2023-12-05,,223600,IKA
122023/NPB/000041,2023-12-08,LA TANSA BAKERY,,"Rp829,900",KREDIT,2023-12-08,,0,IKA
122023/NPB/000049,2023-12-12,LA TANSA BAKERY,,"Rp494,500",KREDIT,2023-12-12,,111800,IKA
122023/NPB/000056,2023-12-13,LA TANSA BAKERY,,"Rp588,400",KREDIT,2023-12-13,,55900,IKA
122023/NPB/000060,2023-12-15,LA TANSA BAKERY,,"Rp1,044,800",KREDIT,2023-12-15,,0,IKA
122023/NPB/000075,2023-12-19,LA TANSA BAKERY,,"Rp346,500",KREDIT,2023-12-19,,0,IKA
122023/NPB/000085,2023-12-22,LA TANSA BAKERY,,"Rp915,900",KREDIT,2023-12-22,,30100,IKA
122023/NPB/000117,2023-12-28,LA TANSA BAKERY,,"Rp1,529,200",KREDIT,2023-12-28,,0,IKA
012024/NPB/000126,2024-01-26,LA TANSA SPORT (CD),,"Rp600,000",KREDIT,2024-01-26,,0,IKA
012024/NPB/000127,2024-01-26,LA TANSA SPORT (CD),,"Rp1,557,235",KREDIT,2024-01-26,,0,IKA
032024/NPB/000022,2024-03-19,LA TANSA SPORT (CD),,"Rp2,865,348",KREDIT,2024-03-19,,0,IKA
032024/NPB/000023,2024-03-19,LA TANSA SPORT (CD),,"Rp13,408,248",KREDIT,2024-03-19,,0,IKA
052024/NPB/000155,2024-05-13,LA TANSA SPORT (CD),,"Rp6,077,359",TUNAI,2024-05-13,,0,IKA
112023/NPB/000106,2023-11-27,LA TANSA SPORT (CD),,"Rp985,000",TUNAI,2023-11-27,,0,IKA
122023/NPB/000029,2023-12-04,LA TANSA SPORT (CD),,"Rp454,398",TUNAI,2023-12-04,,0,IKA
112023/NPB/000107,2023-11-27,LANCAR JAYA,,"Rp344,500",TUNAI,2023-11-27,,0,IKA
012024/NPB/000032,2024-01-07,LATANSA DDC,,"Rp6,174,430",TUNAI,2024-01-07,,0,IKA
012024/NPB/000033,2024-01-07,LATANSA DDC,,"Rp9,084,131",TUNAI,2024-01-07,,0,IKA
012024/NPB/000062,2024-01-13,LATANSA DDC,,"Rp9,868,299",KREDIT,2024-01-13,,0,IKA
012024/NPB/000085,2024-01-18,LATANSA DDC,,"Rp13,727,276",KREDIT,2024-01-18,,0,IKA
012024/NPB/000094,2024-01-20,LATANSA DDC,,"Rp2,394,000",TUNAI,2024-01-20,,0,IKA
012024/NPB/000128,2024-01-26,LATANSA DDC,,"Rp16,335,153",KREDIT,2024-01-26,,0,IKA
012024/NPB/000149,2024-01-31,LATANSA DDC,,"Rp4,053,666",KREDIT,2024-01-31,,0,IKA
012024/NPB/000150,2024-01-31,LATANSA DDC,,"Rp1,309,219",KREDIT,2024-01-31,,0,IKA
022024/NPB/000009,2024-02-07,LATANSA DDC,,"Rp14,734,493",KREDIT,2024-02-07,,0,IKA
022024/NPB/000033,2024-02-13,LATANSA DDC,,"Rp19,387,664",KREDIT,2024-02-13,,0,IKA
022024/NPB/000053,2024-02-20,LATANSA DDC,,"Rp14,430,858",KREDIT,2024-02-20,,0,IKA
022024/NPB/000072,2024-02-27,LATANSA DDC,,"Rp9,156,809",TUNAI,2024-02-27,,0,IKA
032024/NPB/000008,2024-03-07,LATANSA DDC,,"Rp20,328,148",KREDIT,2024-03-07,,0,IKA
032024/NPB/000024,2024-03-19,LATANSA DDC,,"Rp12,776,495",TUNAI,2024-03-19,,0,IKA
032024/NPB/000025,2024-03-19,LATANSA DDC,,"Rp4,991,262",TUNAI,2024-03-19,,0,IKA
032024/NPB/000026,2024-03-19,LATANSA DDC,,"Rp293,706",TUNAI,2024-03-19,,0,IKA
042024/NPB/000001,2024-04-15,LATANSA DDC,,"Rp6,965,000",KREDIT,2024-04-15,,0,IKA
042024/NPB/000026,2024-04-22,LATANSA DDC,,"Rp20,000",TUNAI,2024-04-22,,0,IKA
042024/NPB/000054,2024-04-24,LATANSA DDC,,"Rp3,350,284",KREDIT,2024-04-24,,0,IKA
042024/NPB/000055,2024-04-24,LATANSA DDC,,"Rp1,962,238",KREDIT,2024-04-24,,0,IKA
042024/NPB/000153,2024-04-28,LATANSA DDC,,"Rp554,400",TUNAI,2024-04-28,,0,MEI
042024/NPB/000154,2024-04-28,LATANSA DDC,,"Rp640,000",TUNAI,2024-04-28,,0,MEI
042024/NPB/000155,2024-04-28,LATANSA DDC,,"Rp831,600",TUNAI,2024-04-28,,0,MEI
042024/NPB/000156,2024-04-28,LATANSA DDC,,"Rp2,449,385",TUNAI,2024-04-28,,0,MEI
042024/NPB/000157,2024-04-28,LATANSA DDC,,"Rp226,080",TUNAI,2024-04-28,,0,MEI
042024/NPB/000158,2024-04-28,LATANSA DDC,,"Rp1,436,400",TUNAI,2024-04-28,,0,MEI
042024/NPB/000159,2024-04-28,LATANSA DDC,,"Rp962,200",TUNAI,2024-04-28,,0,MEI
042024/NPB/000207,2024-04-29,LATANSA DDC,,"Rp1,879,400",TUNAI,2024-04-29,,0,MEI
042024/NPB/000208,2024-04-29,LATANSA DDC,,"Rp957,600",TUNAI,2024-04-29,,0,MEI
052024/NPB/000033,2024-05-02,LATANSA DDC,,"Rp840,000",TUNAI,2024-05-02,,0,MEI
052024/NPB/000037,2024-05-02,LATANSA DDC,,"Rp7,033,556",TUNAI,2024-05-02,,0,MEI
052024/NPB/000053,2024-05-04,LATANSA DDC,,"Rp3,393,767",KREDIT,2024-05-04,,0,MEI
052024/NPB/000074,2024-05-06,LATANSA DDC,,"Rp8,323,218",KREDIT,2024-05-06,,0,MEI
052024/NPB/000139,2024-05-12,LATANSA DDC,,"Rp1,800,000",TUNAI,2024-05-12,,0,IKA
052024/NPB/000140,2024-05-12,LATANSA DDC,,"Rp756,000",TUNAI,2024-05-12,,0,IKA
052024/NPB/000141,2024-05-12,LATANSA DDC,,"Rp1,716,000",TUNAI,2024-05-12,,0,IKA
052024/NPB/000170,2024-05-15,LATANSA DDC,,"Rp1,908,400",TUNAI,2024-05-15,,0,MEI
052024/NPB/000171,2024-05-15,LATANSA DDC,,"Rp2,187,150",TUNAI,2024-05-15,,0,MEI
052024/NPB/000172,2024-05-15,LATANSA DDC,,"Rp1,421,700",TUNAI,2024-05-15,,0,MEI
052024/NPB/000191,2024-05-20,LATANSA DDC,,"Rp2,314,594",KREDIT,2024-05-20,,0,MEI
052024/NPB/000205,2024-05-23,LATANSA DDC,,"Rp5,956,698",TUNAI,2024-05-23,,0,MEI
052024/NPB/000243,2024-05-29,LATANSA DDC,,"Rp3,834,749",TUNAI,2024-05-29,,0,MEI
052024/NPB/000244,2024-05-29,LATANSA DDC,,"Rp210,000",TUNAI,2024-05-29,,0,MEI
062024/NPB/000024,2024-06-05,LATANSA DDC,,"Rp6,218,650",KREDIT,2024-06-05,,0,MEI
062024/NPB/000055,2024-06-11,LATANSA DDC,,"Rp1,610,500",TUNAI,2024-06-11,,0,MEI
062024/NPB/000064,2024-06-12,LATANSA DDC,,"Rp4,553,598",KREDIT,2024-06-12,,0,MEI
102023/NPB/000001,2023-10-19,LATANSA DDC,,"Rp12,304,158",KREDIT,2023-10-19,,0,IKA
102023/NPB/000052,2023-10-23,LATANSA DDC,,"Rp16,042,636",KREDIT,2023-10-23,,0,IKA
102023/NPB/000074,2023-10-27,LATANSA DDC,,"Rp1,913,620",KREDIT,2023-10-27,,0,IKA
112023/NPB/000007,2023-11-02,LATANSA DDC,,"Rp18,334,492",KREDIT,2023-11-02,,0,IKA
112023/NPB/000015,2023-11-04,LATANSA DDC,,"Rp2,625,000",KREDIT,2023-11-04,,0,IKA
112023/NPB/000023,2023-11-07,LATANSA DDC,,"Rp2,532,600",TUNAI,2023-11-07,,0,IKA
112023/NPB/000024,2023-11-07,LATANSA DDC,,"Rp9,497,367",TUNAI,2023-11-07,,0,IKA
112023/NPB/000061,2023-11-17,LATANSA DDC,,"Rp11,675,216",TUNAI,2023-11-17,,0,IKA
112023/NPB/000097,2023-11-24,LATANSA DDC,,"Rp10,286,967",TUNAI,2023-11-24,,0,IKA
112023/NPB/000099,2023-11-24,LATANSA DDC,,"Rp8,843,480",KREDIT,2023-11-24,,0,IKA
122023/NPB/000022,2023-12-04,LATANSA DDC,,"Rp23,007,972",TUNAI,2023-12-04,,0,IKA
122023/NPB/000057,2023-12-14,LATANSA DDC,,"Rp7,751,039",TUNAI,2023-12-14,,0,IKA
122023/NPB/000058,2023-12-14,LATANSA DDC,,"Rp6,215,670",TUNAI,2023-12-14,,0,IKA
122023/NPB/000059,2023-12-14,LATANSA DDC,,"Rp2,233,656",TUNAI,2023-12-14,,0,IKA
122023/NPB/000093,2023-12-24,LATANSA DDC,,"Rp14,621,106",TUNAI,2023-12-24,,0,IKA
122023/NPB/000094,2023-12-24,LATANSA DDC,,"Rp5,773,114",TUNAI,2023-12-24,,0,IKA
122023/NPB/000125,2023-12-31,LATANSA DDC,,"Rp2,945,000",TUNAI,2023-12-31,,0,IKA
122023/NPB/000126,2023-12-31,LATANSA DDC,,"Rp9,059,701",TUNAI,2023-12-31,,0,IKA
122023/NPB/000127,2023-12-31,LATANSA DDC,,"Rp3,709,650",TUNAI,2023-12-31,,0,IKA
052024/NPB/000144,2024-05-12,LESTARI MAKMUR,,"Rp1,731,000",TUNAI,2024-05-12,,0,MEI
012024/NPB/000061,2024-01-13,LUWES PONOROGO,,"Rp2,838,499",TUNAI,2024-01-13,,0,IKA
022024/NPB/000034,2024-02-13,LUWES PONOROGO,,"Rp4,663,759",TUNAI,2024-02-13,,0,IKA
042024/NPB/000007,2024-04-20,LUWES PONOROGO,,"Rp1,040,250",TUNAI,2024-04-20,,0,IKA
042024/NPB/000008,2024-04-20,LUWES PONOROGO,,"Rp134,000",TUNAI,2024-04-20,,0,IKA
042024/NPB/000209,2024-04-29,LUWES PONOROGO,,"Rp2,651,250",TUNAI,2024-04-29,,0,MEI
042024/NPB/000210,2024-04-29,LUWES PONOROGO,,"Rp100,800",TUNAI,2024-04-29,,0,MEI
042024/NPB/000211,2024-04-29,LUWES PONOROGO,,"Rp142,000",TUNAI,2024-04-29,,0,MEI
052024/NPB/000218,2024-05-24,LUWES PONOROGO,,"Rp399,700",TUNAI,2024-05-24,,0,MEI
052024/NPB/000219,2024-05-24,LUWES PONOROGO,,"Rp2,227,601",TUNAI,2024-05-24,,0,MEI
052024/NPB/000242,2024-05-29,LUWES PONOROGO,,"Rp33,000",TUNAI,2024-05-29,,0,MEI
052024/NPB/000246,2024-05-30,LUWES PONOROGO,,"Rp1,040,890",TUNAI,2024-05-30,,0,MEI
052024/NPB/000266,2024-05-31,LUWES PONOROGO,,"Rp8,436,388",TUNAI,2024-05-31,,0,MEI
062024/NPB/000019,2024-06-04,LUWES PONOROGO,,"Rp655,500",TUNAI,2024-06-04,,0,MEI
062024/NPB/000038,2024-06-07,LUWES PONOROGO,,"Rp15,389,859",TUNAI,2024-06-07,,0,MEI
062024/NPB/000048,2024-06-10,LUWES PONOROGO,,"Rp52,800",TUNAI,2024-06-10,,0,MEI
062024/NPB/000063,2024-06-12,LUWES PONOROGO,,"Rp9,266,409",KREDIT,2024-06-12,,0,MEI
112023/NPB/000016,2023-11-06,LUWES PONOROGO,,"Rp2,215,699",TUNAI,2023-11-06,,0,IKA
112023/NPB/000046,2023-11-12,LUWES PONOROGO,,"Rp87,600",TUNAI,2023-11-12,,0,IKA
122023/NPB/000055,2023-12-13,LUWES PONOROGO,,"Rp2,495,699",TUNAI,2023-12-13,,0,IKA
122023/NPB/000102,2023-12-27,LUWES PONOROGO,,"Rp195,600",TUNAI,2023-12-27,,0,IKA
012024/NPB/000001,2024-01-01,MADAMAT,,"Rp190,000",KREDIT,2024-01-01,,0,IKA
012024/NPB/000002,2024-01-01,MADAMAT,,"Rp355,500",KREDIT,2024-01-01,,0,IKA
012024/NPB/000005,2024-01-01,MADAMAT ,,"Rp1,250,000",KREDIT,2024-01-01,,0,IKA
012024/NPB/000006,2024-01-02,MADAMAT,,"Rp66,000",KREDIT,2024-01-02,,0,IKA
012024/NPB/000008,2024-01-03,MADAMAT ,,"Rp355,000",KREDIT,2024-01-03,,0,IKA
012024/NPB/000010,2024-01-04,MADAMAT ,,"Rp76,500",KREDIT,2024-01-04,,0,IKA
012024/NPB/000013,2024-01-04,MADAMAT,,"Rp180,000",KREDIT,2024-01-04,,0,IKA
012024/NPB/000015,2024-01-05,MADAMAT ,,"Rp85,500",KREDIT,2024-01-05,,0,IKA
012024/NPB/000026,2024-01-05,MADAMAT ,,"Rp80,000",KREDIT,2024-01-05,,0,IKA
012024/NPB/000027,2024-01-05,MADAMAT ,,"Rp106,200",KREDIT,2024-01-05,,0,IKA
012024/NPB/000028,2024-01-05,MADAMAT ,,"Rp176,700",KREDIT,2024-01-05,,0,IKA
012024/NPB/000030,2024-01-05,MADAMAT ,,"Rp376,000",KREDIT,2024-01-05,,0,IKA
012024/NPB/000034,2024-01-08,MADAMAT ,,"Rp84,000",KREDIT,2024-01-08,,0,IKA
012024/NPB/000040,2024-01-08,MADAMAT ,,"Rp108,000",KREDIT,2024-01-08,,0,IKA
012024/NPB/000042,2024-01-09,MADAMAT ,,"Rp211,500",KREDIT,2024-01-09,,0,IKA
012024/NPB/000045,2024-01-10,MADAMAT ,,"Rp306,000",KREDIT,2024-01-10,,0,IKA
012024/NPB/000046,2024-01-11,MADAMAT ,,"Rp144,000",KREDIT,2024-01-11,,0,IKA
012024/NPB/000056,2024-01-13,MADAMAT,,"Rp45,000",KREDIT,2024-01-13,,0,IKA
012024/NPB/000058,2024-01-13,MADAMAT,,"Rp153,000",KREDIT,2024-01-13,,0,IKA
012024/NPB/000063,2024-01-13,MADAMAT ,,"Rp129,600",KREDIT,2024-01-13,,0,IKA
012024/NPB/000064,2024-01-14,MADAMAT ,,"Rp160,000",KREDIT,2024-01-14,,0,IKA
012024/NPB/000076,2024-01-15,MADAMAT ,,"Rp641,000",KREDIT,2024-01-15,,264000,IKA
012024/NPB/000081,2024-01-16,MADAMAT ,,"Rp200,000",KREDIT,2024-01-16,,0,IKA
012024/NPB/000083,2024-01-18,MADAMAT ,,"Rp150,000",KREDIT,2024-01-18,,0,IKA
012024/NPB/000086,2024-01-18,MADAMAT ,,"Rp1,487,000",KREDIT,2024-01-18,,462000,IKA
012024/NPB/000090,2024-01-19,MADAMAT ,,"Rp297,000",KREDIT,2024-01-19,,0,IKA
012024/NPB/000097,2024-01-22,MADAMAT ,,"Rp86,400",KREDIT,2024-01-22,,0,IKA
012024/NPB/000098,2024-01-22,MADAMAT ,,"Rp253,000",KREDIT,2024-01-22,,0,IKA
012024/NPB/000099,2024-01-22,MADAMAT ,,"Rp150,000",KREDIT,2024-01-22,,0,IKA
012024/NPB/000110,2024-01-24,MADAMAT,,"Rp75,000",KREDIT,2024-01-24,,0,IKA
012024/NPB/000111,2024-01-24,MADAMAT ,,"Rp126,000",KREDIT,2024-01-24,,0,IKA
012024/NPB/000112,2024-01-24,MADAMAT ,,"Rp150,000",KREDIT,2024-01-24,,0,IKA
012024/NPB/000113,2024-01-25,MADAMAT,,"Rp99,000",KREDIT,2024-01-25,,0,IKA
012024/NPB/000124,2024-01-26,MADAMAT ,,"Rp206,000",KREDIT,2024-01-26,,0,IKA
012024/NPB/000132,2024-01-27,MADAMAT ,,"Rp229,500",KREDIT,2024-01-27,,0,IKA
012024/NPB/000136,2024-01-29,MADAMAT ,,"Rp144,000",KREDIT,2024-01-29,,0,IKA
012024/NPB/000137,2024-01-29,MADAMAT ,,"Rp1,250,000",KREDIT,2024-01-29,,0,IKA
012024/NPB/000142,2024-01-30,MADAMAT ,,"Rp290,000",KREDIT,2024-01-30,,0,IKA
012024/NPB/000143,2024-01-31,MADAMAT ,,"Rp180,000",KREDIT,2024-01-31,,0,IKA
022024/NPB/000003,2024-02-04,MADAMAT ,,"Rp75,000",KREDIT,2024-02-04,,0,IKA
022024/NPB/000004,2024-02-05,MADAMAT ,,"Rp144,000",KREDIT,2024-02-05,,0,IKA
022024/NPB/000005,2024-02-05,MADAMAT ,,"Rp200,000",KREDIT,2024-02-05,,0,IKA
022024/NPB/000011,2024-02-07,MADAMAT ,,"Rp153,000",KREDIT,2024-02-07,,0,IKA
022024/NPB/000012,2024-02-07,MADAMAT ,,"Rp179,000",KREDIT,2024-02-07,,0,IKA
022024/NPB/000014,2024-02-08,MADAMAT ,,"Rp243,000",KREDIT,2024-02-08,,54000,IKA
022024/NPB/000015,2024-02-09,MADAMAT ,,"Rp189,000",KREDIT,2024-02-09,,0,IKA
022024/NPB/000025,2024-02-10,MADAMAT ,,"Rp180,000",KREDIT,2024-02-10,,0,IKA
022024/NPB/000028,2024-02-10,MADAMAT ,,"Rp160,000",KREDIT,2024-02-10,,0,IKA
022024/NPB/000030,2024-02-12,MADAMAT ,,"Rp150,000",KREDIT,2024-02-12,,0,IKA
022024/NPB/000032,2024-02-13,MADAMAT,,"Rp184,500",KREDIT,2024-02-13,,0,IKA
022024/NPB/000048,2024-02-17,MADAMAT ,,"Rp193,500",KREDIT,2024-02-17,,54000,IKA
022024/NPB/000050,2024-02-19,MADAMAT ,,"Rp135,000",KREDIT,2024-02-19,,0,IKA
022024/NPB/000051,2024-02-19,MADAMAT ,,"Rp180,000",KREDIT,2024-02-19,,0,IKA
022024/NPB/000052,2024-02-19,MADAMAT ,,"Rp226,500",KREDIT,2024-02-19,,30000,IKA
022024/NPB/000062,2024-02-22,MADAMAT ,,"Rp386,000",KREDIT,2024-02-22,,0,IKA
022024/NPB/000065,2024-02-24,MADAMAT ,,"Rp64,800",KREDIT,2024-02-24,,0,IKA
022024/NPB/000066,2024-02-24,MADAMAT ,,"Rp181,800",KREDIT,2024-02-24,,0,IKA
022024/NPB/000068,2024-02-24,MADAMAT ,,"Rp247,500",KREDIT,2024-02-24,,0,IKA
022024/NPB/000074,2024-02-29,MADAMAT,,"Rp100,000",KREDIT,2024-02-29,,0,IKA
032024/NPB/000028,2024-03-01,MADAMAT ,,"Rp108,000",KREDIT,2024-03-01,,0,MEI
042024/NPB/000014,2024-04-21,MADAMAT,,"Rp407,000",KREDIT,2024-04-21,,0,IKA
042024/NPB/000027,2024-04-22,MADAMAT,,"Rp80,000",KREDIT,2024-04-22,,0,IKA
042024/NPB/000028,2024-04-22,MADAMAT,,"Rp246,300",KREDIT,2024-04-22,,0,IKA
042024/NPB/000051,2024-04-24,MADAMAT ,,"Rp345,000",KREDIT,2024-04-24,,0,IKA
042024/NPB/000052,2024-04-24,MADAMAT ,,"Rp135,000",KREDIT,2024-04-24,,0,IKA
042024/NPB/000085,2024-04-25,MADAMAT ,,"Rp384,000",TUNAI,2024-04-25,,0,IKA
042024/NPB/000106,2024-04-27,MADAMAT,,"Rp160,000",KREDIT,2024-04-27,,0,MEI
042024/NPB/000160,2024-04-28,MADAMAT,,"Rp387,600",TUNAI,2024-04-28,,0,MEI
042024/NPB/000197,2024-04-28,MADAMAT ,,"Rp55,000",TUNAI,2024-04-28,,0,MEI
042024/NPB/000198,2024-04-28,MADAMAT ,,"Rp81,600",KREDIT,2024-04-28,,0,MEI
042024/NPB/000199,2024-04-28,MADAMAT ,,"Rp198,000",KREDIT,2024-04-28,,0,MEI
042024/NPB/000200,2024-04-28,MADAMAT ,,"Rp31,500",KREDIT,2024-04-28,,0,MEI
042024/NPB/000206,2024-04-29,MADAMAT ,,"Rp1,250,000",KREDIT,2024-04-29,,0,MEI
042024/NPB/000225,2024-04-30,MADAMAT ,,"Rp160,000",KREDIT,2024-04-30,,0,MEI
052024/NPB/000002,2024-05-01,MADAMAT ,,"Rp234,000",KREDIT,2024-05-01,,0,MEI
052024/NPB/000009,2024-05-01,MADAMAT ,,"Rp152,000",KREDIT,2024-05-01,,0,MEI
052024/NPB/000031,2024-05-02,MADAMAT ,,"Rp172,500",TUNAI,2024-05-02,,0,MEI
052024/NPB/000050,2024-05-04,MADAMAT ,,"Rp180,000",KREDIT,2024-05-04,,0,MEI
052024/NPB/000054,2024-05-05,MADAMAT ,,"Rp402,000",KREDIT,2024-05-05,,0,MEI
052024/NPB/000056,2024-05-05,MADAMAT ,,"Rp152,000",KREDIT,2024-05-05,,0,MEI
052024/NPB/000068,2024-05-06,MADAMAT ,,"Rp336,000",KREDIT,2024-05-06,,0,MEI
052024/NPB/000076,2024-05-07,MADAMAT ,,"Rp210,000",KREDIT,2024-05-07,,0,MEI
052024/NPB/000083,2024-05-08,MADAMAT ,,"Rp80,000",KREDIT,2024-05-08,,0,MEI
052024/NPB/000109,2024-05-10,MADAMAT ,,"Rp1,250,000",KREDIT,2024-05-10,,0,MEI
052024/NPB/000132,2024-05-11,MADAMAT ,,"Rp80,000",KREDIT,2024-05-11,,0,MEI
052024/NPB/000148,2024-05-13,MADAMAT ,,"Rp180,000",KREDIT,2024-05-13,,0,MEI
052024/NPB/000161,2024-05-14,MADAMAT ,,"Rp152,000",TUNAI,2024-05-14,,0,MEI
052024/NPB/000175,2024-05-16,MADAMAT ,,"Rp402,000",KREDIT,2024-05-16,,0,MEI
052024/NPB/000180,2024-05-17,MADAMAT ,,"Rp140,000",KREDIT,2024-05-17,,0,MEI
052024/NPB/000186,2024-05-19,MADAMAT ,,"Rp80,000",KREDIT,2024-05-19,,0,MEI
052024/NPB/000197,2024-05-22,MADAMAT ,,"Rp88,000",KREDIT,2024-05-22,,0,MEI
052024/NPB/000201,2024-05-23,MADAMAT ,,"Rp196,000",KREDIT,2024-05-23,,0,MEI
052024/NPB/000202,2024-05-23,MADAMAT ,,"Rp417,000",KREDIT,2024-05-23,,0,MEI
052024/NPB/000215,2024-05-24,MADAMAT ,,"Rp360,000",KREDIT,2024-05-24,,0,MEI
052024/NPB/000228,2024-05-26,MADAMAT ,,"Rp180,000",KREDIT,2024-05-26,,0,MEI
052024/NPB/000234,2024-05-28,MADAMAT ,,"Rp402,000",KREDIT,2024-05-28,,0,MEI
052024/NPB/000238,2024-05-29,MADAMAT ,,"Rp142,500",KREDIT,2024-05-29,,0,MEI
062024/NPB/000002,2024-06-01,MADAMAT ,,"Rp180,000",KREDIT,2024-06-01,,0,MEI
062024/NPB/000005,2024-06-01,MADAMAT ,,"Rp1,250,000",KREDIT,2024-06-01,,0,MEI
062024/NPB/000013,2024-06-04,MADAMAT ,,"Rp360,000",KREDIT,2024-06-04,,0,MEI
062024/NPB/000014,2024-06-04,MADAMAT ,,"Rp144,000",KREDIT,2024-06-04,,0,MEI
062024/NPB/000047,2024-06-09,MADAMAT ,,"Rp180,000",KREDIT,2024-06-09,,0,MEI
062024/NPB/000056,2024-06-12,MADAMAT ,,"Rp88,000",KREDIT,2024-06-12,,0,MEI
062024/NPB/000057,2024-06-12,MADAMAT ,,"Rp270,000",KREDIT,2024-06-12,,0,MEI
062024/NPB/000066,2024-06-12,MADAMAT ,,"Rp88,000",KREDIT,2024-06-12,,0,MEI
062024/NPB/000073,2024-06-15,MADAMAT ,,"Rp180,000",KREDIT,2024-06-15,,0,MEI
102023/NPB/000006,2023-10-19,MADAMAT ,,"Rp1,250,000",KREDIT,2023-10-19,,0,IKA
102023/NPB/000008,2023-10-19,MADAMAT ,,"Rp648,000",KREDIT,2023-10-19,,0,IKA
102023/NPB/000009,2023-10-19,MADAMAT ,,"Rp408,000",KREDIT,2023-10-19,,0,IKA
102023/NPB/000010,2023-10-19,MADAMAT ,,"Rp360,000",KREDIT,2023-10-19,,0,IKA
102023/NPB/000011,2023-10-19,MADAMAT ,,"Rp340,000",KREDIT,2023-10-19,,0,IKA
102023/NPB/000012,2023-10-19,MADAMAT ,,"Rp302,000",KREDIT,2023-10-19,,0,IKA
102023/NPB/000013,2023-10-19,MADAMAT ,,"Rp288,000",KREDIT,2023-10-19,,0,IKA
102023/NPB/000014,2023-10-19,MADAMAT ,,"Rp240,000",KREDIT,2023-10-19,,0,IKA
102023/NPB/000015,2023-10-19,MADAMAT ,,"Rp240,000",KREDIT,2023-10-19,,0,IKA
102023/NPB/000016,2023-10-19,MADAMAT ,,"Rp240,000",KREDIT,2023-10-19,,0,IKA
102023/NPB/000017,2023-10-19,MADAMAT ,,"Rp201,500",KREDIT,2023-10-19,,0,IKA
102023/NPB/000018,2023-10-19,MADAMAT ,,"Rp190,000",KREDIT,2023-10-19,,0,IKA
102023/NPB/000019,2023-10-19,MADAMAT ,,"Rp171,000",KREDIT,2023-10-19,,0,IKA
102023/NPB/000020,2023-10-19,MADAMAT ,,"Rp162,000",KREDIT,2023-10-19,,0,IKA
102023/NPB/000021,2023-10-19,MADAMAT ,,"Rp161,000",KREDIT,2023-10-19,,0,IKA
102023/NPB/000022,2023-10-19,MADAMAT ,,"Rp150,000",KREDIT,2023-10-19,,0,IKA
102023/NPB/000023,2023-10-19,MADAMAT ,,"Rp150,000",KREDIT,2023-10-19,,0,IKA
102023/NPB/000024,2023-10-19,MADAMAT ,,"Rp144,000",KREDIT,2023-10-19,,0,IKA
102023/NPB/000025,2023-10-19,MADAMAT ,,"Rp144,000",KREDIT,2023-10-19,,0,IKA
102023/NPB/000026,2023-10-19,MADAMAT ,,"Rp144,000",KREDIT,2023-10-19,,0,IKA
102023/NPB/000027,2023-10-19,MADAMAT ,,"Rp129,504",KREDIT,2023-10-19,,0,IKA
102023/NPB/000028,2023-10-19,MADAMAT ,,"Rp127,500",KREDIT,2023-10-19,,0,IKA
102023/NPB/000029,2023-10-19,MADAMAT ,,"Rp120,000",KREDIT,2023-10-19,,0,IKA
102023/NPB/000030,2023-10-19,MADAMAT ,,"Rp120,000",KREDIT,2023-10-19,,0,IKA
102023/NPB/000031,2023-10-19,MADAMAT ,,"Rp115,000",KREDIT,2023-10-19,,0,IKA
102023/NPB/000032,2023-10-19,MADAMAT ,,"Rp115,000",KREDIT,2023-10-19,,0,IKA
102023/NPB/000033,2023-10-19,MADAMAT ,,"Rp105,000",KREDIT,2023-10-19,,0,IKA
102023/NPB/000034,2023-10-19,MADAMAT ,,"Rp100,000",KREDIT,2023-10-19,,0,IKA
102023/NPB/000035,2023-10-19,MADAMAT ,,"Rp80,000",KREDIT,2023-10-19,,0,IKA
102023/NPB/000036,2023-10-19,MADAMAT ,,"Rp70,000",KREDIT,2023-10-19,,0,IKA
102023/NPB/000037,2023-10-19,MADAMAT ,,"Rp60,000",KREDIT,2023-10-19,,0,IKA
102023/NPB/000038,2023-10-19,MADAMAT ,,"Rp60,000",KREDIT,2023-10-19,,0,IKA
102023/NPB/000039,2023-10-19,MADAMAT ,,"Rp40,000",KREDIT,2023-10-19,,0,IKA
102023/NPB/000040,2023-10-19,MADAMAT ,,"Rp35,000",KREDIT,2023-10-19,,0,IKA
102023/NPB/000043,2023-10-21,MADAMAT ,,"Rp324,000",KREDIT,2023-10-21,,0,IKA
102023/NPB/000046,2023-10-22,MADAMAT ,,"Rp128,000",KREDIT,2023-10-22,,0,IKA
102023/NPB/000047,2023-10-22,MADAMAT ,,"Rp170,000",KREDIT,2023-10-22,,0,IKA
102023/NPB/000048,2023-10-22,MADAMAT ,,"Rp80,000",KREDIT,2023-10-22,,0,IKA
102023/NPB/000049,2023-10-23,MADAMAT ,,"Rp329,000",KREDIT,2023-10-23,,0,IKA
102023/NPB/000060,2023-10-23,MADAMAT ,,"Rp150,000",KREDIT,2023-10-23,,0,IKA
102023/NPB/000061,2023-10-25,MADAMAT ,,"Rp270,000",KREDIT,2023-10-25,,0,IKA
102023/NPB/000068,2023-10-26,MADAMAT ,,"Rp120,000",KREDIT,2023-10-26,,0,IKA
102023/NPB/000073,2023-10-26,MADAMAT ,,"Rp140,000",KREDIT,2023-10-26,,0,IKA
102023/NPB/000075,2023-10-27,MADAMAT ,,"Rp296,000",KREDIT,2023-10-27,,0,IKA
102023/NPB/000086,2023-10-29,MADAMAT ,,"Rp190,000",KREDIT,2023-10-29,,0,IKA
102023/NPB/000087,2023-10-29,MADAMAT ,,"Rp144,000",KREDIT,2023-10-29,,0,IKA
112023/NPB/000001,2023-11-01,MADAMAT ,,"Rp80,000",KREDIT,2023-11-01,,0,IKA
112023/NPB/000002,2023-11-01,MADAMAT ,,"Rp135,000",KREDIT,2023-11-01,,0,IKA
112023/NPB/000003,2023-11-01,MADAMAT ,,"Rp270,000",KREDIT,2023-11-01,,0,IKA
112023/NPB/000009,2023-11-03,MADAMAT ,,"Rp112,500",KREDIT,2023-11-03,,0,IKA
112023/NPB/000011,2023-11-03,MADAMAT ,,"Rp456,000",KREDIT,2023-11-03,,0,IKA
112023/NPB/000017,2023-11-06,MADAMAT ,,"Rp336,000",KREDIT,2023-11-06,,0,IKA
112023/NPB/000025,2023-11-08,MADAMAT ,,"Rp312,000",KREDIT,2023-11-08,,0,IKA
112023/NPB/000026,2023-11-08,MADAMAT ,,"Rp1,250,000",KREDIT,2023-11-08,,0,IKA
112023/NPB/000036,2023-11-10,MADAMAT ,,"Rp135,000",KREDIT,2023-11-10,,0,IKA
112023/NPB/000037,2023-11-10,MADAMAT ,,"Rp144,000",KREDIT,2023-11-10,,0,IKA
112023/NPB/000038,2023-11-09,MADAMAT ,,"Rp200,000",KREDIT,2023-11-09,,0,IKA
112023/NPB/000041,2023-11-10,MADAMAT ,,"Rp272,000",KREDIT,2023-11-10,,0,IKA
112023/NPB/000044,2023-11-11,MADAMAT ,,"Rp80,000",KREDIT,2023-11-11,,0,IKA
112023/NPB/000045,2023-11-12,MADAMAT ,,"Rp120,000",KREDIT,2023-11-12,,0,IKA
112023/NPB/000048,2023-11-13,MADAMAT ,,"Rp250,000",KREDIT,2023-11-13,,0,IKA
112023/NPB/000052,2023-11-13,MADAMAT ,,"Rp133,000",KREDIT,2023-11-13,,0,IKA
112023/NPB/000054,2023-11-14,MADAMAT ,,"Rp144,000",KREDIT,2023-11-14,,0,IKA
112023/NPB/000055,2023-11-14,MADAMAT ,,"Rp162,000",KREDIT,2023-11-14,,0,IKA
112023/NPB/000056,2023-11-14,MADAMAT ,,"Rp472,500",KREDIT,2023-11-14,,0,IKA
112023/NPB/000057,2023-11-15,MADAMAT ,,"Rp280,000",KREDIT,2023-11-15,,0,IKA
112023/NPB/000058,2023-11-15,MADAMAT ,,"Rp67,500",KREDIT,2023-11-15,,0,IKA
112023/NPB/000064,2023-11-18,MADAMAT ,,"Rp105,000",KREDIT,2023-11-18,,0,IKA
112023/NPB/000065,2023-11-18,MADAMAT ,,"Rp144,000",KREDIT,2023-11-18,,0,IKA
112023/NPB/000074,2023-11-19,MADAMAT ,,"Rp394,000",KREDIT,2023-11-19,,0,IKA
112023/NPB/000075,2023-11-19,MADAMAT ,,"Rp324,000",KREDIT,2023-11-19,,0,IKA
112023/NPB/000076,2023-11-20,MADAMAT ,,"Rp128,000",KREDIT,2023-11-20,,0,IKA
112023/NPB/000077,2023-11-20,MADAMAT ,,"Rp45,000",KREDIT,2023-11-20,,45000,IKA
112023/NPB/000079,2023-11-21,MADAMAT ,,"Rp282,000",KREDIT,2023-11-21,,0,IKA
112023/NPB/000080,2023-11-21,MADAMAT ,,"Rp175,500",KREDIT,2023-11-21,,0,IKA
112023/NPB/000090,2023-11-22,MADAMAT ,,"Rp139,500",KREDIT,2023-11-22,,0,IKA
112023/NPB/000091,2023-11-23,MADAMAT ,,"Rp184,500",KREDIT,2023-11-23,,0,IKA
112023/NPB/000100,2023-11-25,MADAMAT ,,"Rp168,000",KREDIT,2023-11-25,,22500,IKA
112023/NPB/000101,2023-11-25,MADAMAT ,,"Rp346,000",KREDIT,2023-11-25,,0,IKA
112023/NPB/000103,2023-11-26,MADAMAT ,,"Rp157,000",KREDIT,2023-11-26,,10500,IKA
112023/NPB/000104,2023-11-27,MADAMAT ,,"Rp252,000",KREDIT,2023-11-27,,0,IKA
112023/NPB/000110,2023-11-28,MADAMAT ,,"Rp160,000",KREDIT,2023-11-28,,0,IKA
112023/NPB/000111,2023-11-29,MADAMAT ,,"Rp104,000",KREDIT,2023-11-29,,0,IKA
112023/NPB/000115,2023-11-29,MADAMAT ,,"Rp216,000",KREDIT,2023-11-29,,0,IKA
112023/NPB/000120,2023-11-30,MADAMAT,,"Rp288,000",KREDIT,2023-11-30,,0,IKA
122023/NPB/000002,2023-12-01,MADAMAT ,,"Rp144,000",KREDIT,2023-12-01,,0,IKA
122023/NPB/000006,2023-12-02,MADAMAT ,,"Rp90,000",KREDIT,2023-12-02,,30000,IKA
122023/NPB/000008,2023-12-02,MADAMAT ,,"Rp268,000",KREDIT,2023-12-02,,0,IKA
122023/NPB/000011,2023-12-02,MADAMAT ,,"Rp216,000",KREDIT,2023-12-02,,0,IKA
122023/NPB/000012,2023-12-03,MADAMAT ,,"Rp200,000",KREDIT,2023-12-03,,0,IKA
122023/NPB/000020,2023-12-03,MADAMAT ,,"Rp288,000",KREDIT,2023-12-03,,0,IKA
122023/NPB/000024,2023-12-05,MADAMAT ,,"Rp180,000",KREDIT,2023-12-05,,0,IKA
122023/NPB/000030,2023-12-05,MADAMAT ,,"Rp324,000",KREDIT,2023-12-05,,0,IKA
122023/NPB/000037,2023-12-07,MADAMAT ,,"Rp80,000",KREDIT,2023-12-07,,0,IKA
122023/NPB/000038,2023-12-07,MADAMAT ,,"Rp306,000",KREDIT,2023-12-07,,22500,IKA
122023/NPB/000039,2023-12-07,MADAMAT ,,"Rp310,000",KREDIT,2023-12-07,,0,IKA
122023/NPB/000042,2023-12-08,MADAMAT ,,"Rp80,000",KREDIT,2023-12-08,,0,IKA
122023/NPB/000043,2023-12-08,MADAMAT ,,"Rp183,000",KREDIT,2023-12-08,,0,IKA
122023/NPB/000045,2023-12-09,MADAMAT ,,"Rp220,500",KREDIT,2023-12-09,,0,IKA
122023/NPB/000046,2023-12-10,MADAMAT ,,"Rp72,000",KREDIT,2023-12-10,,0,IKA
122023/NPB/000047,2023-12-10,MADAMAT ,,"Rp150,000",KREDIT,2023-12-10,,0,IKA
122023/NPB/000048,2023-12-11,MADAMAT,,"Rp234,000",KREDIT,2023-12-11,,0,IKA
122023/NPB/000050,2023-12-12,MADAMAT ,,"Rp1,250,000",KREDIT,2023-12-12,,0,IKA
122023/NPB/000052,2023-12-13,MADAMAT ,,"Rp112,500",KREDIT,2023-12-13,,0,IKA
122023/NPB/000069,2023-12-16,MADAMAT ,,"Rp219,000",KREDIT,2023-12-16,,0,IKA
122023/NPB/000072,2023-12-16,MADAMAT ,,"Rp283,500",KREDIT,2023-12-16,,0,IKA
122023/NPB/000073,2023-12-19,MADAMAT ,,"Rp304,000",KREDIT,2023-12-19,,0,IKA
122023/NPB/000077,2023-12-19,MADAMAT ,,"Rp67,500",KREDIT,2023-12-19,,0,IKA
122023/NPB/000080,2023-12-21,MADAMAT ,,"Rp240,000",KREDIT,2023-12-21,,0,IKA
122023/NPB/000082,2023-12-21,MADAMAT ,,"Rp306,000",KREDIT,2023-12-21,,0,IKA
122023/NPB/000083,2023-12-21,MADAMAT ,,"Rp295,000",KREDIT,2023-12-21,,63000,IKA
122023/NPB/000084,2023-12-21,MADAMAT ,,"Rp20,000",KREDIT,2023-12-21,,0,IKA
122023/NPB/000087,2023-12-23,MADAMAT ,,"Rp66,000",KREDIT,2023-12-23,,0,IKA
122023/NPB/000088,2023-12-23,MADAMAT ,,"Rp131,400",KREDIT,2023-12-23,,0,IKA
122023/NPB/000089,2023-12-23,MADAMAT ,,"Rp75,000",KREDIT,2023-12-23,,0,IKA
122023/NPB/000092,2023-12-23,MADAMAT ,,"Rp37,500",KREDIT,2023-12-23,,21000,IKA
122023/NPB/000095,2023-12-24,MADAMAT ,,"Rp73,000",KREDIT,2023-12-24,,0,IKA
122023/NPB/000097,2023-12-25,MADAMAT ,,"Rp170,000",KREDIT,2023-12-25,,0,IKA
122023/NPB/000098,2023-12-25,MADAMAT ,,"Rp171,000",KREDIT,2023-12-25,,0,IKA
122023/NPB/000099,2023-12-26,MADAMAT ,,"Rp66,600",KREDIT,2023-12-26,,0,IKA
122023/NPB/000101,2023-12-27,MADAMAT ,,"Rp128,000",KREDIT,2023-12-27,,0,IKA
122023/NPB/000113,2023-12-28,MADAMAT ,,"Rp200,000",KREDIT,2023-12-28,,0,IKA
122023/NPB/000116,2023-12-28,MADAMAT ,,"Rp364,000",KREDIT,2023-12-28,,0,IKA
122023/NPB/000119,2023-12-30,MADAMAT ,,"Rp213,600",KREDIT,2023-12-30,,22500,IKA
122023/NPB/000122,2023-12-30,MADAMAT ,,"Rp234,000",KREDIT,2023-12-30,,0,IKA
122023/NPB/000128,2023-12-31,MADAMAT ,,"Rp80,000",KREDIT,2023-12-31,,0,IKA
122023/NPB/000130,2023-12-31,MADAMAT ,,"Rp132,000",KREDIT,2023-12-31,,0,IKA
012024/NPB/000139,2024-01-30,NDIKC JAYA ABADI,,"Rp500,000",KREDIT,2024-01-30,,0,IKA
122023/NPB/000040,2023-12-08,NDIKC JAYA ABADI,,"Rp340,000",KREDIT,2023-12-08,,0,IKA
022024/NPB/000008,2024-02-06,PASAR SIMAN,,"Rp702,000",TUNAI,2024-02-06,,0,IKA
022024/NPB/000026,2024-02-09,PASAR SIMAN,,"Rp1,371,791",TUNAI,2024-02-09,,0,IKA
022024/NPB/000031,2024-02-12,PASAR SIMAN,,"Rp478,937",TUNAI,2024-02-12,,0,IKA
022024/NPB/000039,2024-02-15,PASAR SIMAN,,"Rp2,498,774",TUNAI,2024-02-15,,0,IKA
022024/NPB/000055,2024-02-19,PASAR SIMAN,,"Rp1,415,983",TUNAI,2024-02-19,,0,IKA
012024/NPB/000060,2024-01-13,PONOROGO PERMAI,,"Rp310,500",TUNAI,2024-01-13,,0,IKA
012024/NPB/000118,2024-01-25,PONOROGO PERMAI,,"Rp803,600",TUNAI,2024-01-25,,0,IKA
032024/NPB/000021,2024-03-16,PONOROGO PERMAI,,"Rp383,700",TUNAI,2024-03-16,,0,IKA
122023/NPB/000026,2023-12-04,PONOROGO PERMAI,,"Rp336,000",TUNAI,2023-12-04,,0,IKA
012024/NPB/000014,2024-01-05,PT BORWITA CITRA PRIMA,,"Rp1,541,978",KREDIT,2024-01-05,,0,IKA
012024/NPB/000084,2024-01-18,PT BORWITA CITRA PRIMA,,"Rp1,342,342",TUNAI,2024-01-18,,0,IKA
022024/NPB/000041,2024-02-16,PT BORWITA CITRA PRIMA,,"Rp1,343,015",TUNAI,2024-02-16,,0,IKA
042024/NPB/000097,2024-04-26,PT BORWITA CITRA PRIMA,,"Rp298,368",TUNAI,2024-04-26,,0,IKA
042024/NPB/000098,2024-04-26,PT BORWITA CITRA PRIMA,,"Rp298,200",TUNAI,2024-04-26,,0,IKA
042024/NPB/000099,2024-04-26,PT BORWITA CITRA PRIMA,,"Rp259,740",TUNAI,2024-04-26,,0,IKA
042024/NPB/000100,2024-04-26,PT BORWITA CITRA PRIMA,,"Rp222,810",KREDIT,2024-04-26,,0,IKA
042024/NPB/000101,2024-04-26,PT BORWITA CITRA PRIMA,,"Rp157,620",KREDIT,2024-04-26,,0,IKA
052024/NPB/000123,2024-05-10,PT BORWITA CITRA PRIMA,,"Rp1,194,018",KREDIT,2024-05-10,,0,MEI
052024/NPB/000124,2024-05-10,PT BORWITA CITRA PRIMA,,"Rp160,582",TUNAI,2024-05-10,,0,MEI
052024/NPB/000125,2024-05-10,PT BORWITA CITRA PRIMA,,"Rp59,940",TUNAI,2024-05-10,,0,MEI
052024/NPB/000220,2024-05-24,PT BORWITA CITRA PRIMA,,"Rp471,660",TUNAI,2024-05-24,,0,MEI
062024/NPB/000033,2024-06-06,PT BORWITA CITRA PRIMA,,"Rp138,140",TUNAI,2024-06-06,,0,IKA
062024/NPB/000034,2024-06-06,PT BORWITA CITRA PRIMA,,"Rp415,844",TUNAI,2024-06-06,,0,IKA
102023/NPB/000072,2023-10-26,PT BORWITA CITRA PRIMA,,"Rp1,529,853",TUNAI,2023-10-26,,0,IKA
112023/NPB/000093,2023-11-23,PT BORWITA CITRA PRIMA,,"Rp1,140,208",TUNAI,2023-11-23,,0,IKA
122023/NPB/000081,2023-12-21,PT BORWITA CITRA PRIMA,,"Rp875,678",TUNAI,2023-12-21,,0,IKA
012024/NPB/000020,2024-01-05,PT ULTRAJAYA MILK INDUSTRY,,"Rp2,899,129",TUNAI,2024-01-05,,0,IKA
012024/NPB/000091,2024-01-19,PT ULTRAJAYA MILK INDUSTRY,,"Rp3,223,159",TUNAI,2024-01-19,,0,IKA
052024/NPB/000232,2024-05-27,PT ULTRAJAYA MILK INDUSTRY,,"Rp3,746,671",TUNAI,2024-05-27,,0,MEI
122023/NPB/000004,2023-12-01,PT ULTRAJAYA MILK INDUSTRY,,"Rp4,457,209",TUNAI,2023-12-01,,0,IKA
012024/NPB/000078,2024-01-16,PT YAKUL SEHAT,,"Rp194,000",KREDIT,2024-01-16,,0,IKA
012024/NPB/000116,2024-01-26,PT YAKUL SEHAT,,"Rp194,000",KREDIT,2024-01-26,,0,IKA
022024/NPB/000010,2024-02-07,PT YAKUL SEHAT,,"Rp194,000",TUNAI,2024-02-07,,0,IKA
022024/NPB/000040,2024-02-15,PT YAKUL SEHAT,,"Rp194,000",TUNAI,2024-02-15,,0,IKA
022024/NPB/000071,2024-02-26,PT YAKUL SEHAT,,"Rp97,000",KREDIT,2024-02-26,,0,IKA
102023/NPB/000041,2023-10-21,PT YAKUL SEHAT,,"Rp97,000",TUNAI,2023-10-21,,0,IKA
102023/NPB/000076,2023-10-27,PT YAKUL SEHAT,,"Rp194,000",TUNAI,2023-10-27,,0,IKA
112023/NPB/000020,2023-11-06,PT YAKUL SEHAT,,"Rp291,000",TUNAI,2023-11-06,,0,IKA
112023/NPB/000068,2023-11-18,PT YAKUL SEHAT,,"Rp194,000",TUNAI,2023-11-18,,0,IKA
112023/NPB/000112,2023-11-29,PT YAKUL SEHAT,,"Rp194,000",TUNAI,2023-11-29,,0,IKA
122023/NPB/000053,2023-12-13,PT YAKUL SEHAT,,"Rp194,000",TUNAI,2023-12-13,,0,IKA
012024/NPB/000123,2024-01-26,PT. ALAM ANUGERAH SARANA DAYA,,"Rp319,980",KREDIT,2024-01-26,,0,IKA
052024/NPB/000085,2024-05-08,PT. ALAM ANUGERAH SARANA DAYA,,"Rp2,923,243",KREDIT,2024-05-08,,0,MEI
052024/NPB/000181,2024-05-17,PT. ALAM ANUGERAH SARANA DAYA,,"Rp307,947",KREDIT,2024-05-17,,0,MEI
052024/NPB/000200,2024-05-22,PT. ALAM ANUGERAH SARANA DAYA,,"Rp3,181,656",TUNAI,2024-05-22,,0,MEI
012024/NPB/000059,2024-01-13,PT. ASIASEJAHTERA P,,"Rp473,000",TUNAI,2024-01-13,,0,IKA
012024/NPB/000135,2024-01-27,PT. ASIASEJAHTERA P,,"Rp724,464",TUNAI,2024-01-27,,0,IKA
112023/NPB/000071,2023-11-18,PT. ASIASEJAHTERA P,,"Rp553,468",TUNAI,2023-11-18,,0,IKA
122023/NPB/000071,2023-12-16,PT. ASIASEJAHTERA P,,"Rp661,312",TUNAI,2023-12-16,,0,IKA
012024/NPB/000054,2024-01-12,PT. SAERAH SURYA PERKASA,,"Rp1,487,686",KREDIT,2024-01-12,,0,IKA
012024/NPB/000133,2024-01-27,PT. SAERAH SURYA PERKASA,,"Rp1,451,933",KREDIT,2024-01-27,,0,IKA
022024/NPB/000017,2024-02-09,PT. SAERAH SURYA PERKASA,,"Rp372,573",KREDIT,2024-02-09,,0,IKA
022024/NPB/000046,2024-02-17,PT. SAERAH SURYA PERKASA,,"Rp670,092",KREDIT,2024-02-17,,0,IKA
032024/NPB/000009,2024-03-08,PT. SAERAH SURYA PERKASA,,"Rp529,200",KREDIT,2024-03-08,,0,IKA
032024/NPB/000010,2024-03-08,PT. SAERAH SURYA PERKASA,,"Rp2,744,914",KREDIT,2024-03-08,,0,IKA
052024/NPB/000043,2024-05-03,PT. SAERAH SURYA PERKASA,,"Rp1,839,407",KREDIT,2024-05-02,,0,MEI
052024/NPB/000177,2024-05-16,PT. SAERAH SURYA PERKASA,,"Rp3,988,576",KREDIT,2024-05-16,,0,MEI
052024/NPB/000182,2024-05-17,PT. SAERAH SURYA PERKASA,,"Rp213,852",KREDIT,2024-05-17,,0,MEI
062024/NPB/000007,2024-06-01,PT. SAERAH SURYA PERKASA,,"Rp1,769,943",KREDIT,2024-06-01,,0,MEI
062024/NPB/000072,2024-06-14,PT. SAERAH SURYA PERKASA,,"Rp2,350,079",KREDIT,2024-06-14,,0,MEI
112023/NPB/000013,2023-11-03,PT. SAERAH SURYA PERKASA,,"Rp1,699,383",KREDIT,2023-11-03,,0,IKA
112023/NPB/000069,2023-11-18,PT. SAERAH SURYA PERKASA,,"Rp1,209,225",KREDIT,2023-11-18,,0,IKA
112023/NPB/000070,2023-11-18,PT. SAERAH SURYA PERKASA,,"Rp124,788",TUNAI,2023-11-18,,0,IKA
122023/NPB/000009,2023-12-02,PT. SAERAH SURYA PERKASA,,"Rp1,437,090",KREDIT,2023-12-02,,0,IKA
122023/NPB/000010,2023-12-02,PT. SAERAH SURYA PERKASA,,"Rp606,929",KREDIT,2023-12-02,,0,IKA
122023/NPB/000061,2023-12-15,PT. SAERAH SURYA PERKASA,,"Rp693,462",KREDIT,2023-12-15,,0,IKA
122023/NPB/000121,2023-12-30,PT. SAERAH SURYA PERKASA,,"Rp1,403,578",KREDIT,2023-12-30,,0,IKA
012024/NPB/000029,2024-01-05,ROTI SUMBER REJEKI,,"Rp437,500",KREDIT,2024-01-05,,0,IKA
012024/NPB/000057,2024-01-13,ROTI SUMBER REJEKI,,"Rp437,500",TUNAI,2024-01-13,,0,IKA
012024/NPB/000092,2024-01-20,ROTI SUMBER REJEKI,,"Rp437,500",TUNAI,2024-01-20,,0,IKA
022024/NPB/000002,2024-02-03,ROTI SUMBER REJEKI,,"Rp437,500",KREDIT,2024-02-03,,0,IKA
022024/NPB/000027,2024-02-10,ROTI SUMBER REJEKI,,"Rp437,500",KREDIT,2024-02-10,,0,IKA
022024/NPB/000067,2024-02-24,ROTI SUMBER REJEKI,,"Rp175,000",KREDIT,2024-02-24,,0,IKA
052024/NPB/000052,2024-05-04,ROTI SUMBER REJEKI,,"Rp437,500",TUNAI,2024-05-04,,0,MEI
052024/NPB/000131,2024-05-11,ROTI SUMBER REJEKI,,"Rp262,500",KREDIT,2024-05-11,,0,MEI
112023/NPB/000012,2023-11-03,ROTI SUMBER REJEKI,,"Rp437,500",TUNAI,2023-11-03,,0,IKA
112023/NPB/000042,2023-11-11,ROTI SUMBER REJEKI,,"Rp350,000",TUNAI,2023-11-11,,0,IKA
112023/NPB/000066,2023-11-18,ROTI SUMBER REJEKI,,"Rp402,500",TUNAI,2023-11-18,,0,IKA
112023/NPB/000098,2023-11-24,ROTI SUMBER REJEKI,,"Rp262,500",TUNAI,2023-11-24,,0,IKA
122023/NPB/000007,2023-12-02,ROTI SUMBER REJEKI,,"Rp350,000",TUNAI,2023-12-02,,0,IKA
122023/NPB/000090,2023-12-23,ROTI SUMBER REJEKI,,"Rp311,500",KREDIT,2023-12-23,,0,IKA
122023/NPB/000120,2023-12-30,ROTI SUMBER REJEKI,,"Rp437,500",KREDIT,2023-12-30,,0,IKA
052024/NPB/000214,2024-05-24,SALES KACANG,,"Rp250,000",KREDIT,2024-05-24,,0,MEI
012024/NPB/000037,2024-01-08,SALES KAOS KAKI,,"Rp2,124,000",TUNAI,2024-01-08,,0,IKA
012024/NPB/000131,2024-01-27,SALES KAOS KAKI,,"Rp1,064,000",KREDIT,2024-01-27,,0,IKA
012024/NPB/000138,2024-01-29,SALES KAOS KAKI,,"Rp2,299,000",KREDIT,2024-01-29,,0,IKA
032024/NPB/000002,2024-03-03,SALES KAOS KAKI,,"Rp984,000",TUNAI,2024-03-03,,0,IKA
032024/NPB/000007,2024-03-06,SALES KAOS KAKI,,"Rp1,140,000",KREDIT,2024-03-06,,0,IKA
042024/NPB/000005,2024-04-19,SALES KAOS KAKI,,"Rp2,196,000",KREDIT,2024-04-19,,0,IKA
042024/NPB/000229,2024-04-30,SALES KAOS KAKI,,"Rp2,467,000",TUNAI,2024-04-30,,0,MEI
052024/NPB/000133,2024-05-11,SALES KAOS KAKI,,"Rp960,000",KREDIT,2024-05-11,,0,MEI
052024/NPB/000151,2024-05-13,SALES KAOS KAKI,,"Rp1,140,000",TUNAI,2024-05-13,,0,MEI
052024/NPB/000153,2024-05-13,SALES KAOS KAKI,,"Rp960,000",TUNAI,2024-05-11,,0,IKA
052024/NPB/000157,2024-05-13,SALES KAOS KAKI,,"Rp780,000",TUNAI,2024-05-13,,0,MEI
052024/NPB/000192,2024-05-20,SALES KAOS KAKI,,"Rp1,044,000",KREDIT,2024-05-20,,0,MEI
052024/NPB/000212,2024-05-23,SALES KAOS KAKI,,"Rp292,500",TUNAI,2024-05-23,,0,MEI
062024/NPB/000053,2024-06-11,SALES KAOS KAKI,,"Rp2,202,000",TUNAI,2024-06-11,,0,MEI
102023/NPB/000007,2023-10-19,SALES KAOS KAKI,,"Rp1,140,000",KREDIT,2023-10-19,,0,IKA
102023/NPB/000042,2023-10-21,SALES KAOS KAKI,,"Rp2,060,000",TUNAI,2023-10-21,,0,IKA
112023/NPB/000043,2023-11-11,SALES KAOS KAKI,,"Rp1,257,000",TUNAI,2023-11-11,,0,IKA
112023/NPB/000118,2023-11-30,SALES KAOS KAKI,,"Rp2,181,000",TUNAI,2023-11-30,,0,IKA
122023/NPB/000036,2023-12-06,SALES KAOS KAKI,,"Rp1,140,000",KREDIT,2023-12-06,,0,IKA
122023/NPB/000086,2023-12-22,SALES KAOS KAKI,,"Rp1,185,000",TUNAI,2023-12-22,,0,IKA
012024/NPB/000052,2024-01-12,SALES PIATTOS,,"Rp1,135,000",TUNAI,2024-01-12,,0,IKA
022024/NPB/000064,2024-02-22,SALES PIATTOS,,"Rp980,000",TUNAI,2024-02-22,,0,IKA
042024/NPB/000053,2024-04-24,SALES PIATTOS,,"Rp368,500",KREDIT,2024-04-24,,0,IKA
052024/NPB/000071,2024-05-06,SALES PIATTOS,,"Rp930,000",TUNAI,2024-05-06,,0,MEI
052024/NPB/000261,2024-05-31,SALES PIATTOS,,"Rp548,000",KREDIT,2024-05-31,,0,MEI
122023/NPB/000091,2023-12-23,SALES PIATTOS,,"Rp1,040,000",KREDIT,2023-12-23,,0,IKA
062024/NPB/000004,2024-06-01,SARI ROTI,,"Rp494,500",TUNAI,2024-06-01,,0,MEI
062024/NPB/000011,2024-06-03,SARI ROTI,,"Rp1,035,500",TUNAI,2024-06-03,,0,IKA
062024/NPB/000028,2024-06-06,SARI ROTI,,"Rp379,000",TUNAI,2024-06-06,,0,IKA
062024/NPB/000029,2024-06-06,SARI ROTI,,"Rp326,500",KREDIT,2024-06-06,,0,IKA
062024/NPB/000030,2024-06-06,SARI ROTI,,"Rp310,000",KREDIT,2024-06-06,,0,IKA
062024/NPB/000031,2024-06-06,SARI ROTI,,"Rp253,000",KREDIT,2024-06-06,,0,IKA
062024/NPB/000032,2024-06-06,SARI ROTI,,"Rp126,000",KREDIT,2024-06-06,,0,IKA
062024/NPB/000040,2024-06-08,SARI ROTI,,"Rp964,000",KREDIT,2024-06-08,,0,MEI
062024/NPB/000050,2024-06-10,SARI ROTI,,"Rp1,025,000",KREDIT,2024-06-10,,0,MEI
062024/NPB/000060,2024-06-12,SARI ROTI,,"Rp1,395,000",TUNAI,2024-06-12,,0,MEI
062024/NPB/000071,2024-06-14,SARI ROTI,,"Rp1,180,000",KREDIT,2024-06-14,,0,MEI
012024/NPB/000088,2024-01-18,SELES CUKUR JENGOT,,"Rp629,000",TUNAI,2024-01-18,,0,IKA
022024/NPB/000047,2024-02-17,SELES CUKUR JENGOT,,"Rp666,000",KREDIT,2024-02-17,,0,IKA
052024/NPB/000152,2024-05-13,SELES CUKUR JENGOT,,"Rp1,305,280",TUNAI,2024-05-13,,0,MEI
052024/NPB/000158,2024-05-13,SELES CUKUR JENGOT,,"Rp196,782",TUNAI,2024-05-13,,0,MEI
062024/NPB/000042,2024-06-09,SELES CUKUR JENGOT,,"Rp142,848",TUNAI,2024-06-09,,0,MEI
062024/NPB/000043,2024-06-09,SELES CUKUR JENGOT,,"Rp424,494",TUNAI,2024-06-09,,0,MEI
062024/NPB/000044,2024-06-09,SELES CUKUR JENGOT,,"Rp1,535,020",TUNAI,2024-06-09,,0,MEI
062024/NPB/000046,2024-06-09,SELES CUKUR JENGOT,,"Rp194,520",TUNAI,2024-06-09,,0,MEI
102023/NPB/000004,2023-10-19,SELES CUKUR JENGOT,,"Rp1,465,000",KREDIT,2023-10-19,,0,IKA
112023/NPB/000059,2023-11-15,SELES CUKUR JENGOT,,"Rp634,000",TUNAI,2023-11-15,,0,IKA
012024/NPB/000007,2024-01-03,SELES NABATI,,"Rp2,506,955",KREDIT,2024-01-03,,0,IKA
012024/NPB/000055,2024-01-12,SELES NABATI,,"Rp2,171,497",TUNAI,2024-01-12,,0,IKA
012024/NPB/000125,2024-01-26,SELES NABATI,,"Rp2,946,950",KREDIT,2024-01-26,,0,IKA
022024/NPB/000073,2024-02-28,SELES NABATI,,"Rp2,867,207",KREDIT,2024-02-28,,0,IKA
042024/NPB/000044,2024-04-24,SELES NABATI,,"Rp34,000",TUNAI,2024-04-24,,0,IKA
042024/NPB/000045,2024-04-24,SELES NABATI,,"Rp32,400",TUNAI,2024-04-24,,0,IKA
042024/NPB/000047,2024-04-24,SELES NABATI,,"Rp1,312,800",TUNAI,2024-04-24,,0,IKA
042024/NPB/000239,2024-04-30,SELES NABATI,,"Rp267,203",TUNAI,2024-04-30,,0,MEI
042024/NPB/000241,2024-04-30,SELES NABATI,,"Rp203,400",TUNAI,2024-04-30,,0,MEI
042024/NPB/000242,2024-04-30,SELES NABATI,,"Rp439,200",TUNAI,2024-04-30,,0,MEI
042024/NPB/000243,2024-04-30,SELES NABATI,,"Rp200,400",TUNAI,2024-04-30,,0,MEI
042024/NPB/000244,2024-04-30,SELES NABATI,,"Rp300,600",TUNAI,2024-04-30,,0,MEI
042024/NPB/000245,2024-04-30,SELES NABATI,,"Rp133,600",TUNAI,2024-04-30,,0,MEI
052024/NPB/000001,2024-05-01,SELES NABATI,,"Rp498,902",TUNAI,2024-04-30,,0,MEI
052024/NPB/000004,2024-05-01,SELES NABATI,,"Rp387,710",TUNAI,2024-04-30,,0,MEI
052024/NPB/000116,2024-05-10,SELES NABATI,,"Rp60,000",TUNAI,2024-05-10,,0,MEI
052024/NPB/000117,2024-05-10,SELES NABATI,,"Rp527,360",TUNAI,2024-05-10,,0,MEI
052024/NPB/000119,2024-05-10,SELES NABATI,,"Rp400,800",TUNAI,2024-05-10,,0,MEI
052024/NPB/000120,2024-05-10,SELES NABATI,,"Rp318,350",TUNAI,2024-05-10,,0,MEI
052024/NPB/000121,2024-05-10,SELES NABATI,,"Rp488,056",TUNAI,2024-05-10,,0,MEI
052024/NPB/000122,2024-05-10,SELES NABATI,,"Rp20,000",TUNAI,2024-05-10,,0,MEI
052024/NPB/000127,2024-05-10,SELES NABATI,,"Rp16,800",TUNAI,2024-05-10,,0,MEI
052024/NPB/000128,2024-05-10,SELES NABATI,,"Rp100,001",TUNAI,2024-05-10,,0,MEI
052024/NPB/000129,2024-05-10,SELES NABATI,,"Rp33,334",TUNAI,2024-05-10,,0,MEI
052024/NPB/000221,2024-05-24,SELES NABATI,,"Rp1,131,203",TUNAI,2024-05-24,,0,MEI
062024/NPB/000006,2024-06-01,SELES NABATI,,"Rp191,850",TUNAI,2024-06-01,,0,MEI
062024/NPB/000012,2024-06-03,SELES NABATI,,"Rp550,244",KREDIT,2024-06-03,,0,MEI
102023/NPB/000085,2023-10-28,SELES NABATI,,"Rp938,038",TUNAI,2023-10-28,,0,IKA
102023/NPB/000088,2023-10-30,SELES NABATI,,"Rp284,500",TUNAI,2023-10-30,,0,IKA
112023/NPB/000004,2023-11-01,SELES NABATI,,"Rp272,700",TUNAI,2023-11-01,,0,IKA
112023/NPB/000027,2023-11-08,SELES NABATI,,"Rp2,452,691",TUNAI,2023-11-08,,0,IKA
112023/NPB/000116,2023-11-29,SELES NABATI,,"Rp3,006,300",TUNAI,2023-11-29,,0,IKA
012024/NPB/000049,2024-01-11,SUMBER MAKMUR,,"Rp79,524",TUNAI,2024-01-11,,0,IKA
042024/NPB/000011,2024-04-20,SUMBER MAKMUR,,"Rp444,100",TUNAI,2024-04-20,,0,IKA
052024/NPB/000126,2024-05-10,SUMBER MAKMUR,,"Rp166,440",TUNAI,2024-05-10,,0,MEI
112023/NPB/000018,2023-11-06,SUMBER MAKMUR,,"Rp320,400",TUNAI,2023-11-06,,0,IKA
012024/NPB/000016,2024-01-05,SURYA SUPERMARKET,,"Rp4,311,850",TUNAI,2024-01-05,,0,IKA
012024/NPB/000017,2024-01-05,SURYA SUPERMARKET,,"Rp1,552,400",TUNAI,2024-01-05,,0,IKA
012024/NPB/000018,2024-01-05,SURYA SUPERMARKET,,"Rp1,626,750",TUNAI,2024-01-05,,0,IKA
012024/NPB/000019,2024-01-05,SURYA SUPERMARKET,,"Rp1,327,550",TUNAI,2024-01-05,,0,IKA
012024/NPB/000022,2024-01-05,SURYA SUPERMARKET,,"Rp1,731,450",TUNAI,2024-01-05,,0,IKA
012024/NPB/000023,2024-01-05,SURYA SUPERMARKET,,"Rp2,237,600",TUNAI,2024-01-05,,0,IKA
012024/NPB/000024,2024-01-05,SURYA SUPERMARKET,,"Rp1,879,850",TUNAI,2024-01-05,,0,IKA
012024/NPB/000065,2024-01-14,SURYA SUPERMARKET,,"Rp1,047,400",TUNAI,2024-01-14,,0,IKA
012024/NPB/000066,2024-01-14,SURYA SUPERMARKET,,"Rp1,387,100",TUNAI,2024-01-14,,0,IKA
012024/NPB/000067,2024-01-14,SURYA SUPERMARKET,,"Rp1,344,050",TUNAI,2024-01-14,,0,IKA
012024/NPB/000068,2024-01-14,SURYA SUPERMARKET,,"Rp1,759,850",TUNAI,2024-01-14,,0,IKA
012024/NPB/000069,2024-01-14,SURYA SUPERMARKET,,"Rp2,167,451",TUNAI,2024-01-14,,0,IKA
012024/NPB/000070,2024-01-14,SURYA SUPERMARKET,,"Rp1,610,050",TUNAI,2024-01-14,,0,IKA
012024/NPB/000071,2024-01-14,SURYA SUPERMARKET,,"Rp1,630,750",TUNAI,2024-01-14,,0,IKA
012024/NPB/000072,2024-01-14,SURYA SUPERMARKET,,"Rp1,976,652",TUNAI,2024-01-14,,0,IKA
012024/NPB/000102,2024-01-23,SURYA SUPERMARKET,,"Rp1,081,400",TUNAI,2024-01-23,,0,IKA
012024/NPB/000103,2024-01-23,SURYA SUPERMARKET,,"Rp1,787,046",TUNAI,2024-01-23,,0,IKA
012024/NPB/000104,2024-01-23,SURYA SUPERMARKET,,"Rp1,929,700",TUNAI,2024-01-23,,0,IKA
012024/NPB/000105,2024-01-23,SURYA SUPERMARKET,,"Rp1,979,850",TUNAI,2024-01-23,,0,IKA
012024/NPB/000106,2024-01-23,SURYA SUPERMARKET,,"Rp2,325,400",TUNAI,2024-01-23,,0,IKA
012024/NPB/000107,2024-01-23,SURYA SUPERMARKET,,"Rp1,894,500",TUNAI,2024-01-23,,0,IKA
012024/NPB/000108,2024-01-23,SURYA SUPERMARKET,,"Rp1,805,000",TUNAI,2024-01-23,,0,IKA
012024/NPB/000109,2024-01-23,SURYA SUPERMARKET,,"Rp1,438,050",TUNAI,2024-01-23,,0,IKA
012024/NPB/000144,2024-01-31,SURYA SUPERMARKET,,"Rp6,059,200",TUNAI,2024-01-31,,0,IKA
012024/NPB/000145,2024-01-31,SURYA SUPERMARKET,,"Rp464,500",TUNAI,2024-01-31,,0,IKA
012024/NPB/000146,2024-01-31,SURYA SUPERMARKET,,"Rp1,942,350",TUNAI,2024-01-31,,0,IKA
012024/NPB/000147,2024-01-31,SURYA SUPERMARKET,,"Rp1,167,550",TUNAI,2024-01-31,,0,IKA
012024/NPB/000148,2024-01-31,SURYA SUPERMARKET,,"Rp1,606,500",TUNAI,2024-01-31,,0,IKA
022024/NPB/000019,2024-02-09,SURYA SUPERMARKET,,"Rp2,963,300",TUNAI,2024-02-09,,0,IKA
022024/NPB/000020,2024-02-09,SURYA SUPERMARKET,,"Rp1,681,200",TUNAI,2024-02-09,,0,IKA
022024/NPB/000021,2024-02-09,SURYA SUPERMARKET,,"Rp1,724,450",TUNAI,2024-02-09,,0,IKA
022024/NPB/000022,2024-02-09,SURYA SUPERMARKET,,"Rp1,975,900",TUNAI,2024-02-09,,0,IKA
022024/NPB/000023,2024-02-09,SURYA SUPERMARKET,,"Rp2,119,500",TUNAI,2024-02-09,,0,IKA
022024/NPB/000024,2024-02-09,SURYA SUPERMARKET,,"Rp1,371,450",KREDIT,2024-02-09,,0,IKA
022024/NPB/000035,2024-02-14,SURYA SUPERMARKET,,"Rp3,602,849",KREDIT,2024-02-14,,0,IKA
022024/NPB/000057,2024-02-21,SURYA SUPERMARKET,,"Rp1,391,100",TUNAI,2024-02-21,,0,IKA
022024/NPB/000058,2024-02-21,SURYA SUPERMARKET,,"Rp3,262,550",TUNAI,2024-02-21,,0,IKA
022024/NPB/000059,2024-02-21,SURYA SUPERMARKET,,"Rp3,090,600",TUNAI,2024-02-21,,0,IKA
022024/NPB/000060,2024-02-21,SURYA SUPERMARKET,,"Rp1,421,250",TUNAI,2024-02-21,,0,IKA
032024/NPB/000011,2024-03-09,SURYA SUPERMARKET,,"Rp1,647,950",TUNAI,2024-03-09,,0,IKA
032024/NPB/000012,2024-03-09,SURYA SUPERMARKET,,"Rp2,368,300",TUNAI,2024-03-09,,0,IKA
032024/NPB/000013,2024-03-09,SURYA SUPERMARKET,,"Rp2,237,550",TUNAI,2024-03-09,,0,IKA
032024/NPB/000014,2024-03-09,SURYA SUPERMARKET,,"Rp6,108,850",TUNAI,2024-03-09,,0,IKA
032024/NPB/000015,2024-03-09,SURYA SUPERMARKET,,"Rp1,790,700",TUNAI,2024-03-09,,0,IKA
032024/NPB/000017,2024-03-17,SURYA SUPERMARKET,,"Rp2,699,651",KREDIT,2024-03-17,,0,IKA
032024/NPB/000018,2024-03-17,SURYA SUPERMARKET,,"Rp2,262,001",KREDIT,2024-03-17,,0,IKA
032024/NPB/000019,2024-03-17,SURYA SUPERMARKET,,"Rp1,740,250",KREDIT,2024-03-17,,0,IKA
042024/NPB/000006,2024-04-19,SURYA SUPERMARKET,,"Rp3,374,669",TUNAI,2024-04-19,,0,IKA
042024/NPB/000015,2024-04-21,SURYA SUPERMARKET,,"Rp302,250",TUNAI,2024-04-21,,0,IKA
042024/NPB/000016,2024-04-21,SURYA SUPERMARKET,,"Rp110,250",TUNAI,2024-04-21,,0,IKA
042024/NPB/000017,2024-04-21,SURYA SUPERMARKET,,"Rp603,050",TUNAI,2024-04-21,,0,IKA
042024/NPB/000018,2024-04-21,SURYA SUPERMARKET,,"Rp727,050",TUNAI,2024-04-21,,0,IKA
042024/NPB/000019,2024-04-21,SURYA SUPERMARKET,,"Rp1,069,950",TUNAI,2024-04-21,,0,IKA
042024/NPB/000020,2024-04-21,SURYA SUPERMARKET,,"Rp27,500",TUNAI,2024-04-21,,0,IKA
042024/NPB/000021,2024-04-21,SURYA SUPERMARKET,,"Rp2,189,460",TUNAI,2024-04-21,,0,IKA
042024/NPB/000022,2024-04-21,SURYA SUPERMARKET,,"Rp3,056,764",TUNAI,2024-04-21,,0,IKA
042024/NPB/000023,2024-04-21,SURYA SUPERMARKET,,"Rp585,004",TUNAI,2024-04-21,,0,IKA
042024/NPB/000025,2024-04-21,SURYA SUPERMARKET,,"Rp127,500",TUNAI,2024-04-21,,0,IKA
042024/NPB/000058,2024-04-25,SURYA SUPERMARKET,,"Rp2,968,344",KREDIT,2024-04-25,,0,IKA
042024/NPB/000059,2024-04-25,SURYA SUPERMARKET,,"Rp199,000",KREDIT,2024-04-25,,0,IKA
042024/NPB/000060,2024-04-25,SURYA SUPERMARKET,,"Rp410,250",KREDIT,2024-04-25,,0,IKA
042024/NPB/000061,2024-04-25,SURYA SUPERMARKET,,"Rp176,250",KREDIT,2024-04-25,,0,IKA
042024/NPB/000062,2024-04-25,SURYA SUPERMARKET,,"Rp399,000",KREDIT,2024-04-25,,0,IKA
042024/NPB/000063,2024-04-25,SURYA SUPERMARKET,,"Rp255,750",KREDIT,2024-04-25,,0,IKA
042024/NPB/000064,2024-04-25,SURYA SUPERMARKET,,"Rp184,700",KREDIT,2024-04-25,,0,IKA
042024/NPB/000065,2024-04-25,SURYA SUPERMARKET,,"Rp46,500",KREDIT,2024-04-25,,0,IKA
042024/NPB/000067,2024-04-25,SURYA SUPERMARKET,,"Rp282,700",KREDIT,2024-04-25,,0,IKA
042024/NPB/000069,2024-04-25,SURYA SUPERMARKET,,"Rp78,750",KREDIT,2024-04-25,,0,IKA
042024/NPB/000072,2024-04-25,SURYA SUPERMARKET,,"Rp33,600",KREDIT,2024-04-25,,0,IKA
042024/NPB/000073,2024-04-25,SURYA SUPERMARKET,,"Rp33,000",KREDIT,2024-04-25,,0,IKA
042024/NPB/000074,2024-04-25,SURYA SUPERMARKET,,"Rp46,500",KREDIT,2024-04-25,,0,IKA
042024/NPB/000075,2024-04-25,SURYA SUPERMARKET,,"Rp20,500",KREDIT,2024-04-25,,0,IKA
042024/NPB/000076,2024-04-25,SURYA SUPERMARKET,,"Rp372,500",KREDIT,2024-04-25,,0,IKA
042024/NPB/000077,2024-04-25,SURYA SUPERMARKET,,"Rp41,500",KREDIT,2024-04-25,,0,IKA
042024/NPB/000078,2024-04-25,SURYA SUPERMARKET,,"Rp124,500",KREDIT,2024-04-25,,0,IKA
042024/NPB/000079,2024-04-25,SURYA SUPERMARKET,,"Rp105,500",KREDIT,2024-04-25,,0,IKA
042024/NPB/000080,2024-04-25,SURYA SUPERMARKET,,"Rp127,000",KREDIT,2024-04-25,,0,IKA
042024/NPB/000081,2024-04-25,SURYA SUPERMARKET,,"Rp146,250",KREDIT,2024-04-25,,0,IKA
042024/NPB/000082,2024-04-25,SURYA SUPERMARKET,,"Rp146,250",KREDIT,2024-04-25,,0,IKA
042024/NPB/000083,2024-04-25,SURYA SUPERMARKET,,"Rp20,500",KREDIT,2024-04-25,,0,IKA
042024/NPB/000084,2024-04-25,SURYA SUPERMARKET,,"Rp142,500",KREDIT,2024-04-25,,0,IKA
042024/NPB/000108,2024-04-27,SURYA SUPERMARKET,,"Rp232,500",TUNAI,2024-04-27,,0,MEI
042024/NPB/000109,2024-04-27,SURYA SUPERMARKET,,"Rp555,000",TUNAI,2024-04-27,,0,MEI
042024/NPB/000110,2024-04-27,SURYA SUPERMARKET,,"Rp1,149,000",TUNAI,2024-04-27,,0,MEI
042024/NPB/000111,2024-04-27,SURYA SUPERMARKET,,"Rp870,000",TUNAI,2024-04-27,,0,MEI
042024/NPB/000112,2024-04-27,SURYA SUPERMARKET,,"Rp909,240",TUNAI,2024-04-27,,0,MEI
042024/NPB/000113,2024-04-27,SURYA SUPERMARKET,,"Rp84,000",TUNAI,2024-04-27,,0,MEI
042024/NPB/000114,2024-04-27,SURYA SUPERMARKET,,"Rp27,500",TUNAI,2024-04-27,,0,MEI
042024/NPB/000115,2024-04-27,SURYA SUPERMARKET,,"Rp104,800",TUNAI,2024-04-27,,0,MEI
042024/NPB/000116,2024-04-27,SURYA SUPERMARKET,,"Rp54,000",TUNAI,2024-04-27,,0,MEI
042024/NPB/000117,2024-04-27,SURYA SUPERMARKET,,"Rp60,662",TUNAI,2024-04-27,,0,MEI
042024/NPB/000118,2024-04-27,SURYA SUPERMARKET,,"Rp27,000",KREDIT,2024-04-27,,0,MEI
042024/NPB/000119,2024-04-27,SURYA SUPERMARKET,,"Rp54,000",TUNAI,2024-04-27,,0,MEI
042024/NPB/000120,2024-04-27,SURYA SUPERMARKET,,"Rp165,600",TUNAI,2024-04-27,,0,MEI
042024/NPB/000123,2024-04-27,SURYA SUPERMARKET,,"Rp169,500",KREDIT,2024-04-27,,0,MEI
042024/NPB/000124,2024-04-27,SURYA SUPERMARKET,,"Rp38,760",TUNAI,2024-04-27,,0,MEI
042024/NPB/000125,2024-04-27,SURYA SUPERMARKET,,"Rp28,200",TUNAI,2024-04-27,,0,MEI
042024/NPB/000127,2024-04-27,SURYA SUPERMARKET,,"Rp77,500",TUNAI,2024-04-27,,0,MEI
042024/NPB/000128,2024-04-27,SURYA SUPERMARKET,,"Rp31,200",TUNAI,2024-04-27,,0,MEI
042024/NPB/000129,2024-04-27,SURYA SUPERMARKET,,"Rp4,333",TUNAI,2024-04-27,,0,MEI
042024/NPB/000131,2024-04-27,SURYA SUPERMARKET,,"Rp78,000",TUNAI,2024-04-27,,0,MEI
042024/NPB/000132,2024-04-27,SURYA SUPERMARKET,,"Rp223,250",KREDIT,2024-04-27,,0,MEI
042024/NPB/000133,2024-04-27,SURYA SUPERMARKET,,"Rp166,000",TUNAI,2024-04-27,,0,MEI
042024/NPB/000134,2024-04-27,SURYA SUPERMARKET,,"Rp291,000",TUNAI,2024-04-27,,0,MEI
042024/NPB/000135,2024-04-27,SURYA SUPERMARKET,,"Rp115,000",TUNAI,2024-04-27,,0,MEI
042024/NPB/000139,2024-04-27,SURYA SUPERMARKET,,"Rp70,000",TUNAI,2024-04-27,,0,MEI
042024/NPB/000140,2024-04-27,SURYA SUPERMARKET,,"Rp396,300",TUNAI,2024-04-27,,0,MEI
042024/NPB/000141,2024-04-27,SURYA SUPERMARKET,,"Rp382,000",TUNAI,2024-04-27,,0,MEI
042024/NPB/000142,2024-04-27,SURYA SUPERMARKET,,"Rp240,192",TUNAI,2024-04-27,,0,MEI
042024/NPB/000143,2024-04-27,SURYA SUPERMARKET,,"Rp210,000",TUNAI,2024-04-27,,0,MEI
042024/NPB/000144,2024-04-27,SURYA SUPERMARKET,,"Rp66,000",TUNAI,2024-04-27,,0,MEI
042024/NPB/000145,2024-04-27,SURYA SUPERMARKET,,"Rp463,500",TUNAI,2024-04-27,,0,MEI
042024/NPB/000146,2024-04-27,SURYA SUPERMARKET,,"Rp145,250",TUNAI,2024-04-27,,0,MEI
042024/NPB/000147,2024-04-27,SURYA SUPERMARKET,,"Rp180,000",TUNAI,2024-04-27,,0,MEI
042024/NPB/000148,2024-04-27,SURYA SUPERMARKET,,"Rp62,400",TUNAI,2024-04-27,,0,MEI
042024/NPB/000149,2024-04-27,SURYA SUPERMARKET,,"Rp62,400",TUNAI,2024-04-27,,0,MEI
042024/NPB/000150,2024-04-27,SURYA SUPERMARKET,,"Rp284,250",TUNAI,2024-04-27,,0,MEI
042024/NPB/000151,2024-04-27,SURYA SUPERMARKET,,"Rp47,250",TUNAI,2024-04-27,,0,MEI
042024/NPB/000152,2024-04-28,SURYA SUPERMARKET,,"Rp95,500",TUNAI,2024-04-28,,0,MEI
042024/NPB/000161,2024-04-28,SURYA SUPERMARKET,,"Rp412,800",TUNAI,2024-04-28,,0,MEI
042024/NPB/000163,2024-04-28,SURYA SUPERMARKET,,"Rp511,200",TUNAI,2024-04-28,,0,MEI
042024/NPB/000167,2024-04-28,SURYA SUPERMARKET,,"Rp714,000",TUNAI,2024-04-28,,0,MEI
042024/NPB/000168,2024-04-28,SURYA SUPERMARKET,,"Rp311,000",TUNAI,2024-04-28,,0,MEI
042024/NPB/000170,2024-04-28,SURYA SUPERMARKET,,"Rp371,000",TUNAI,2024-04-28,,0,MEI
042024/NPB/000171,2024-04-28,SURYA SUPERMARKET,,"Rp329,250",TUNAI,2024-04-28,,0,MEI
042024/NPB/000172,2024-04-28,SURYA SUPERMARKET,,"Rp265,500",TUNAI,2024-04-28,,0,MEI
042024/NPB/000173,2024-04-28,SURYA SUPERMARKET,,"Rp79,500",TUNAI,2024-04-28,,0,MEI
042024/NPB/000174,2024-04-28,SURYA SUPERMARKET,,"Rp570,400",TUNAI,2024-04-28,,0,MEI
042024/NPB/000175,2024-04-28,SURYA SUPERMARKET,,"Rp386,000",TUNAI,2024-04-28,,0,MEI
042024/NPB/000176,2024-04-28,SURYA SUPERMARKET,,"Rp20,500",TUNAI,2024-04-28,,0,MEI
042024/NPB/000177,2024-04-28,SURYA SUPERMARKET,,"Rp271,400",TUNAI,2024-04-28,,0,MEI
042024/NPB/000178,2024-04-28,SURYA SUPERMARKET,,"Rp150,500",TUNAI,2024-04-28,,0,MEI
042024/NPB/000179,2024-04-28,SURYA SUPERMARKET,,"Rp251,250",TUNAI,2024-04-28,,0,MEI
042024/NPB/000180,2024-04-28,SURYA SUPERMARKET,,"Rp271,000",TUNAI,2024-04-28,,0,MEI
042024/NPB/000181,2024-04-28,SURYA SUPERMARKET,,"Rp85,000",TUNAI,2024-04-28,,0,MEI
042024/NPB/000182,2024-04-28,SURYA SUPERMARKET,,"Rp592,350",TUNAI,2024-04-28,,0,MEI
042024/NPB/000183,2024-04-28,SURYA SUPERMARKET,,"Rp285,000",TUNAI,2024-04-28,,0,MEI
042024/NPB/000184,2024-04-28,SURYA SUPERMARKET,,"Rp670,800",TUNAI,2024-04-28,,0,MEI
042024/NPB/000185,2024-04-28,SURYA SUPERMARKET,,"Rp866,040",TUNAI,2024-04-28,,0,MEI
042024/NPB/000186,2024-04-28,SURYA SUPERMARKET,,"Rp1,022,112",TUNAI,2024-04-28,,0,MEI
042024/NPB/000187,2024-04-28,SURYA SUPERMARKET,,"Rp368,900",TUNAI,2024-04-28,,0,MEI
042024/NPB/000188,2024-04-28,SURYA SUPERMARKET,,"Rp593,200",TUNAI,2024-04-28,,0,MEI
042024/NPB/000189,2024-04-28,SURYA SUPERMARKET,,"Rp1,682,400",TUNAI,2024-04-28,,0,MEI
042024/NPB/000190,2024-04-28,SURYA SUPERMARKET,,"Rp1,173,000",TUNAI,2024-04-28,,0,MEI
042024/NPB/000191,2024-04-28,SURYA SUPERMARKET,,"Rp816,000",TUNAI,2024-04-28,,0,MEI
042024/NPB/000192,2024-04-28,SURYA SUPERMARKET,,"Rp97,500",TUNAI,2024-04-28,,0,MEI
042024/NPB/000193,2024-04-28,SURYA SUPERMARKET,,"Rp92,000",TUNAI,2024-04-28,,0,MEI
042024/NPB/000194,2024-04-28,SURYA SUPERMARKET,,"Rp69,200",TUNAI,2024-04-28,,0,MEI
042024/NPB/000195,2024-04-28,SURYA SUPERMARKET,,"Rp80,000",TUNAI,2024-04-28,,0,MEI
042024/NPB/000196,2024-04-28,SURYA SUPERMARKET,,"Rp394,000",TUNAI,2024-04-28,,0,MEI
042024/NPB/000212,2024-04-29,SURYA SUPERMARKET,,"Rp221,000",TUNAI,2024-04-29,,0,MEI
052024/NPB/000018,2024-05-01,SURYA SUPERMARKET,,"Rp300,000",TUNAI,2024-05-01,,0,MEI
052024/NPB/000019,2024-05-01,SURYA SUPERMARKET,,"Rp216,000",TUNAI,2024-05-01,,0,MEI
052024/NPB/000020,2024-05-01,SURYA SUPERMARKET,,"Rp234,000",TUNAI,2024-05-01,,0,MEI
052024/NPB/000021,2024-05-01,SURYA SUPERMARKET,,"Rp738,000",TUNAI,2024-05-01,,0,MEI
052024/NPB/000034,2024-05-02,SURYA SUPERMARKET,,"Rp3,095,403",TUNAI,2024-05-02,,0,MEI
052024/NPB/000038,2024-05-02,SURYA SUPERMARKET,,"Rp2,950,000",TUNAI,2024-05-02,,0,MEI
052024/NPB/000039,2024-05-02,SURYA SUPERMARKET,,"Rp1,733,300",TUNAI,2024-05-02,,0,MEI
052024/NPB/000046,2024-05-03,SURYA SUPERMARKET,,"Rp3,283,050",TUNAI,2024-05-02,,0,MEI
052024/NPB/000047,2024-05-03,SURYA SUPERMARKET,,"Rp1,408,500",TUNAI,2024-05-02,,0,MEI
052024/NPB/000048,2024-05-03,SURYA SUPERMARKET,,"Rp2,759,500",TUNAI,2024-05-02,,0,MEI
052024/NPB/000059,2024-05-05,SURYA SUPERMARKET,,"Rp63,000",TUNAI,2024-05-05,,0,IKA
052024/NPB/000060,2024-05-05,SURYA SUPERMARKET,,"Rp105,000",TUNAI,2024-05-05,,0,IKA
052024/NPB/000089,2024-05-09,SURYA SUPERMARKET,,"Rp780,000",TUNAI,2024-05-09,,0,MEI
052024/NPB/000096,2024-05-09,SURYA SUPERMARKET,,"Rp5,990,304",TUNAI,2024-05-09,,0,MEI
052024/NPB/000097,2024-05-09,SURYA SUPERMARKET,,"Rp699,204",TUNAI,2024-05-09,,0,MEI
052024/NPB/000098,2024-05-09,SURYA SUPERMARKET,,"Rp195,000",KREDIT,2024-05-09,,0,MEI
052024/NPB/000099,2024-05-09,SURYA SUPERMARKET,,"Rp511,480",TUNAI,2024-05-09,,0,MEI
052024/NPB/000100,2024-05-09,SURYA SUPERMARKET,,"Rp494,984",TUNAI,2024-05-09,,0,MEI
052024/NPB/000101,2024-05-09,SURYA SUPERMARKET,,"Rp1,262,600",TUNAI,2024-05-09,,0,MEI
052024/NPB/000102,2024-05-09,SURYA SUPERMARKET,,"Rp1,078,436",TUNAI,2024-05-09,,0,MEI
052024/NPB/000105,2024-05-09,SURYA SUPERMARKET,,"Rp2,745,751",TUNAI,2024-05-09,,0,MEI
052024/NPB/000106,2024-05-09,SURYA SUPERMARKET,,"Rp2,706,000",TUNAI,2024-05-09,,0,MEI
052024/NPB/000107,2024-05-09,SURYA SUPERMARKET,,"Rp2,684,001",TUNAI,2024-05-09,,0,MEI
052024/NPB/000110,2024-05-10,SURYA SUPERMARKET,,"Rp2,980,601",TUNAI,2024-05-10,,0,MEI
052024/NPB/000114,2024-05-10,SURYA SUPERMARKET,,"Rp808,200",TUNAI,2024-05-10,,0,MEI
052024/NPB/000115,2024-05-10,SURYA SUPERMARKET,,"Rp247,800",TUNAI,2024-05-10,,0,MEI
052024/NPB/000162,2024-05-14,SURYA SUPERMARKET,,"Rp8,224,507",TUNAI,2024-05-14,,0,MEI
052024/NPB/000164,2024-05-14,SURYA SUPERMARKET,,"Rp2,361,752",TUNAI,2024-05-14,,0,MEI
052024/NPB/000165,2024-05-14,SURYA SUPERMARKET,,"Rp2,692,150",TUNAI,2024-05-14,,0,MEI
052024/NPB/000166,2024-05-14,SURYA SUPERMARKET,,"Rp1,696,300",TUNAI,2024-05-14,,0,MEI
052024/NPB/000167,2024-05-14,SURYA SUPERMARKET,,"Rp1,866,950",TUNAI,2024-05-14,,0,MEI
052024/NPB/000169,2024-05-15,SURYA SUPERMARKET,,"Rp1,530,501",KREDIT,2024-05-14,,0,MEI
052024/NPB/000198,2024-05-22,SURYA SUPERMARKET,,"Rp236,250",TUNAI,2024-05-22,,0,MEI
052024/NPB/000199,2024-05-22,SURYA SUPERMARKET,,"Rp109,500",TUNAI,2024-05-22,,0,MEI
052024/NPB/000206,2024-05-23,SURYA SUPERMARKET,,"Rp452,500",KREDIT,2024-05-23,,0,MEI
052024/NPB/000207,2024-05-23,SURYA SUPERMARKET,,"Rp3,180,000",TUNAI,2024-05-23,,0,MEI
052024/NPB/000208,2024-05-23,SURYA SUPERMARKET,,"Rp223,000",KREDIT,2024-05-23,,0,MEI
052024/NPB/000209,2024-05-23,SURYA SUPERMARKET,,"Rp13,500",KREDIT,2024-05-23,,0,MEI
052024/NPB/000210,2024-05-23,SURYA SUPERMARKET,,"Rp276,500",KREDIT,2024-05-23,,0,MEI
052024/NPB/000211,2024-05-23,SURYA SUPERMARKET,,"Rp516,000",KREDIT,2024-05-23,,0,MEI
052024/NPB/000216,2024-05-24,SURYA SUPERMARKET,,"Rp1,846,180",TUNAI,2024-05-24,,0,MEI
052024/NPB/000249,2024-05-30,SURYA SUPERMARKET,,"Rp4,648,990",KREDIT,2024-05-30,,0,MEI
052024/NPB/000250,2024-05-30,SURYA SUPERMARKET,,"Rp1,658,100",KREDIT,2024-05-30,,0,MEI
052024/NPB/000251,2024-05-30,SURYA SUPERMARKET,,"Rp4,132,600",KREDIT,2024-05-30,,0,MEI
052024/NPB/000252,2024-05-30,SURYA SUPERMARKET,,"Rp64,500",TUNAI,2024-05-30,,0,MEI
052024/NPB/000253,2024-05-30,SURYA SUPERMARKET,,"Rp1,221,300",KREDIT,2024-05-30,,0,MEI
052024/NPB/000254,2024-05-30,SURYA SUPERMARKET,,"Rp2,242,350",KREDIT,2024-05-30,,0,MEI
052024/NPB/000255,2024-05-30,SURYA SUPERMARKET,,"Rp2,153,550",KREDIT,2024-05-30,,0,MEI
052024/NPB/000256,2024-05-30,SURYA SUPERMARKET,,"Rp1,184,600",KREDIT,2024-05-30,,0,MEI
052024/NPB/000257,2024-05-31,SURYA SUPERMARKET,,"Rp2,309,050",KREDIT,2024-05-30,,0,MEI
052024/NPB/000260,2024-05-31,SURYA SUPERMARKET,,"Rp1,270,000",KREDIT,2024-05-31,,0,MEI
052024/NPB/000263,2024-05-31,SURYA SUPERMARKET,,"Rp2,691,301",KREDIT,2024-05-31,,0,MEI
062024/NPB/000018,2024-06-04,SURYA SUPERMARKET,,"Rp3,500,000",TUNAI,2024-06-04,,0,MEI
062024/NPB/000035,2024-06-06,SURYA SUPERMARKET,,"Rp2,179,500",KREDIT,2024-06-06,,0,IKA
062024/NPB/000036,2024-06-06,SURYA SUPERMARKET,,"Rp1,626,952",KREDIT,2024-06-06,,0,IKA
062024/NPB/000062,2024-06-12,SURYA SUPERMARKET,,"Rp193,850",TUNAI,2024-06-12,,0,MEI
102023/NPB/000053,2023-10-23,SURYA SUPERMARKET,,"Rp3,500,400",TUNAI,2023-10-23,,0,IKA
102023/NPB/000054,2023-10-23,SURYA SUPERMARKET,,"Rp1,737,000",TUNAI,2023-10-23,,0,IKA
102023/NPB/000055,2023-10-23,SURYA SUPERMARKET,,"Rp3,483,900",TUNAI,2023-10-23,,0,IKA
102023/NPB/000062,2023-10-25,SURYA SUPERMARKET,,"Rp2,567,100",TUNAI,2023-10-25,,0,IKA
102023/NPB/000063,2023-10-25,SURYA SUPERMARKET,,"Rp2,532,480",TUNAI,2023-10-25,,0,IKA
102023/NPB/000064,2023-10-25,SURYA SUPERMARKET,,"Rp2,370,300",TUNAI,2023-10-25,,0,IKA
102023/NPB/000065,2023-10-25,SURYA SUPERMARKET,,"Rp2,580,300",TUNAI,2023-10-25,,0,IKA
102023/NPB/000066,2023-10-25,SURYA SUPERMARKET,,"Rp4,022,800",TUNAI,2023-10-25,,0,IKA
102023/NPB/000067,2023-10-25,SURYA SUPERMARKET,,"Rp2,005,560",TUNAI,2023-10-25,,0,IKA
102023/NPB/000077,2023-10-27,SURYA SUPERMARKET,,"Rp3,966,906",TUNAI,2023-10-27,,0,IKA
102023/NPB/000078,2023-10-27,SURYA SUPERMARKET,,"Rp2,096,900",TUNAI,2023-10-27,,0,IKA
102023/NPB/000079,2023-10-27,SURYA SUPERMARKET,,"Rp1,269,350",TUNAI,2023-10-27,,0,IKA
102023/NPB/000080,2023-10-27,SURYA SUPERMARKET,,"Rp1,068,200",TUNAI,2023-10-27,,0,IKA
102023/NPB/000081,2023-10-27,SURYA SUPERMARKET,,"Rp1,309,850",TUNAI,2023-10-27,,0,IKA
102023/NPB/000082,2023-10-27,SURYA SUPERMARKET,,"Rp1,211,650",TUNAI,2023-10-27,,0,IKA
102023/NPB/000083,2023-10-27,SURYA SUPERMARKET,,"Rp1,477,947",TUNAI,2023-10-27,,0,IKA
112023/NPB/000029,2023-11-08,SURYA SUPERMARKET,,"Rp3,859,500",TUNAI,2023-11-08,,0,IKA
112023/NPB/000030,2023-11-08,SURYA SUPERMARKET,,"Rp2,322,750",TUNAI,2023-11-08,,0,IKA
112023/NPB/000031,2023-11-08,SURYA SUPERMARKET,,"Rp2,780,950",TUNAI,2023-11-08,,0,IKA
112023/NPB/000032,2023-11-08,SURYA SUPERMARKET,,"Rp4,068,800",TUNAI,2023-11-08,,0,IKA
112023/NPB/000033,2023-11-08,SURYA SUPERMARKET,,"Rp1,346,000",TUNAI,2023-11-08,,0,IKA
112023/NPB/000039,2023-11-10,SURYA SUPERMARKET,,"Rp684,000",KREDIT,2023-11-10,,0,IKA
112023/NPB/000040,2023-11-10,SURYA SUPERMARKET,,"Rp6,686,946",KREDIT,2023-11-10,,0,IKA
112023/NPB/000047,2023-11-12,SURYA SUPERMARKET,,"Rp317,200",TUNAI,2023-11-12,,0,IKA
112023/NPB/000082,2023-11-21,SURYA SUPERMARKET,,"Rp1,757,100",TUNAI,2023-11-21,,0,IKA
112023/NPB/000083,2023-11-21,SURYA SUPERMARKET,,"Rp1,741,250",TUNAI,2023-11-21,,0,IKA
112023/NPB/000084,2023-11-21,SURYA SUPERMARKET,,"Rp849,700",TUNAI,2023-11-21,,0,IKA
112023/NPB/000085,2023-11-21,SURYA SUPERMARKET,,"Rp1,781,400",TUNAI,2023-11-21,,0,IKA
112023/NPB/000086,2023-11-21,SURYA SUPERMARKET,,"Rp1,517,500",TUNAI,2023-11-21,,0,IKA
112023/NPB/000087,2023-11-21,SURYA SUPERMARKET,,"Rp1,627,650",TUNAI,2023-11-21,,0,IKA
112023/NPB/000088,2023-11-21,SURYA SUPERMARKET,,"Rp1,620,500",TUNAI,2023-11-21,,0,IKA
122023/NPB/000013,2023-12-03,SURYA SUPERMARKET,,"Rp2,819,200",TUNAI,2023-12-03,,0,IKA
122023/NPB/000014,2023-12-03,SURYA SUPERMARKET,,"Rp2,296,300",TUNAI,2023-12-03,,0,IKA
122023/NPB/000015,2023-12-03,SURYA SUPERMARKET,,"Rp2,157,050",TUNAI,2023-12-03,,0,IKA
122023/NPB/000016,2023-12-03,SURYA SUPERMARKET,,"Rp1,012,100",TUNAI,2023-12-03,,0,IKA
122023/NPB/000017,2023-12-03,SURYA SUPERMARKET,,"Rp1,220,150",TUNAI,2023-12-03,,0,IKA
122023/NPB/000018,2023-12-03,SURYA SUPERMARKET,,"Rp1,695,797",TUNAI,2023-12-03,,0,IKA
122023/NPB/000019,2023-12-03,SURYA SUPERMARKET,,"Rp1,801,950",TUNAI,2023-12-03,,0,IKA
122023/NPB/000062,2023-12-15,SURYA SUPERMARKET,,"Rp2,301,800",TUNAI,2023-12-15,,0,IKA
122023/NPB/000063,2023-12-15,SURYA SUPERMARKET,,"Rp2,897,950",TUNAI,2023-12-15,,0,IKA
122023/NPB/000064,2023-12-15,SURYA SUPERMARKET,,"Rp1,796,400",TUNAI,2023-12-15,,0,IKA
122023/NPB/000065,2023-12-15,SURYA SUPERMARKET,,"Rp2,058,250",TUNAI,2023-12-15,,0,IKA
122023/NPB/000066,2023-12-15,SURYA SUPERMARKET,,"Rp2,609,200",TUNAI,2023-12-15,,0,IKA
122023/NPB/000067,2023-12-15,SURYA SUPERMARKET,,"Rp2,632,900",TUNAI,2023-12-15,,0,IKA
122023/NPB/000103,2023-12-27,SURYA SUPERMARKET,,"Rp1,982,725",TUNAI,2023-12-27,,0,IKA
122023/NPB/000104,2023-12-27,SURYA SUPERMARKET,,"Rp899,800",TUNAI,2023-12-27,,0,IKA
122023/NPB/000105,2023-12-27,SURYA SUPERMARKET,,"Rp1,025,400",TUNAI,2023-12-27,,0,IKA
122023/NPB/000106,2023-12-27,SURYA SUPERMARKET,,"Rp756,850",TUNAI,2023-12-27,,0,IKA
122023/NPB/000107,2023-12-27,SURYA SUPERMARKET,,"Rp1,156,400",TUNAI,2023-12-27,,0,IKA
122023/NPB/000108,2023-12-27,SURYA SUPERMARKET,,"Rp1,291,800",TUNAI,2023-12-27,,0,IKA
122023/NPB/000109,2023-12-27,SURYA SUPERMARKET,,"Rp2,853,250",TUNAI,2023-12-27,,0,IKA
122023/NPB/000110,2023-12-27,SURYA SUPERMARKET,,"Rp2,424,700",TUNAI,2023-12-27,,0,IKA
122023/NPB/000111,2023-12-27,SURYA SUPERMARKET,,"Rp2,274,900",TUNAI,2023-12-27,,0,IKA
122023/NPB/000112,2023-12-27,SURYA SUPERMARKET,,"Rp1,528,600",TUNAI,2023-12-27,,0,IKA
042024/NPB/000220,2024-04-30,TB BERKAH JAYA,,"Rp304,000",TUNAI,2024-04-30,,0,MEI
052024/NPB/000094,2024-05-09,TB BERKAH JAYA,,"Rp110,000",TUNAI,2024-05-09,,0,MEI
032024/NPB/000020,2024-03-16,TELAGA INTAN SPORT,,"Rp540,000",TUNAI,2024-03-16,,0,IKA
112023/NPB/000062,2023-11-17,TELAGA INTAN SPORT,,"Rp690,000",TUNAI,2023-11-17,,0,IKA
112023/NPB/000063,2023-11-17,TELAGA INTAN SPORT,,"Rp504,000",TUNAI,2023-11-17,,0,IKA
012024/NPB/000130,2024-01-27,TK SUMBER REJEKI,,"Rp350,000",TUNAI,2024-01-27,,0,IKA
022024/NPB/000044,2024-02-16,TK SUMBER REJEKI,,"Rp437,500",TUNAI,2024-02-16,,0,IKA
042024/NPB/000230,2024-04-30,TOKO,,"Rp1,000,000",TUNAI,2024-04-30,,0,MEI
012024/NPB/000074,2024-01-14,TOKO BU IWAN,,"Rp2,413,481",TUNAI,2024-01-14,,0,IKA
012024/NPB/000119,2024-01-25,TOKO BU IWAN,,"Rp1,651,469",TUNAI,2024-01-25,,0,IKA
022024/NPB/000007,2024-02-05,TOKO BU IWAN,,"Rp1,764,800",TUNAI,2024-02-05,,0,IKA
022024/NPB/000075,2024-02-29,TOKO BU IWAN,,"Rp527,992",TUNAI,2024-02-29,,0,IKA
032024/NPB/000016,2024-03-16,TOKO BU IWAN,,"Rp2,927,497",TUNAI,2024-03-16,,0,IKA
102023/NPB/000051,2023-10-23,TOKO BU IWAN,,"Rp746,500",KREDIT,2023-10-23,,0,IKA
122023/NPB/000034,2023-12-06,TOKO BU IWAN,,"Rp1,530,001",TUNAI,2023-12-06,,0,IKA
042024/NPB/000024,2024-04-21,TOKO GERABAH AL MUBAROK,,"Rp2,450,000",KREDIT,2024-04-21,,0,IKA
042024/NPB/000042,2024-04-24,TOKO GERABAH AL MUBAROK,,"Rp625,000",KREDIT,2024-04-24,,0,IKA
042024/NPB/000102,2024-04-26,TOKO GERABAH AL MUBAROK,,"Rp150,000",KREDIT,2024-04-26,,0,IKA
042024/NPB/000103,2024-04-26,TOKO GERABAH AL MUBAROK,,"Rp68,750",KREDIT,2024-04-26,,0,IKA
042024/NPB/000201,2024-04-29,TOKO GERABAH AL MUBAROK,,"Rp569,000",TUNAI,2024-04-29,,0,MEI
042024/NPB/000202,2024-04-29,TOKO GERABAH AL MUBAROK,,"Rp185,000",TUNAI,2024-04-29,,0,MEI
042024/NPB/000204,2024-04-29,TOKO GERABAH AL MUBAROK,,"Rp180,000",TUNAI,2024-04-29,,0,MEI
042024/NPB/000205,2024-04-29,TOKO GERABAH AL MUBAROK,,"Rp35,000",TUNAI,2024-04-29,,0,MEI
052024/NPB/000112,2024-05-10,TOKO GERABAH AL MUBAROK,,"Rp143,750",KREDIT,2024-05-10,,0,MEI
052024/NPB/000174,2024-05-15,TOKO GERABAH AL MUBAROK,,"Rp1,649,000",TUNAI,2024-05-15,,0,MEI
052024/NPB/000185,2024-05-18,TOKO GERABAH AL MUBAROK,,"Rp95,000",TUNAI,2024-05-18,,0,MEI
062024/NPB/000020,2024-06-04,TOKO GERABAH AL MUBAROK,,"Rp2,286,520",KREDIT,2024-06-04,,0,MEI
012024/NPB/000009,2024-01-04,TOKO LESTARI,,"Rp3,879,999",KREDIT,2024-01-04,,0,IKA
012024/NPB/000012,2024-01-04,TOKO LESTARI,,"Rp2,911,250",KREDIT,2024-01-04,,0,IKA
012024/NPB/000044,2024-01-10,TOKO LESTARI,,"Rp11,444,998",KREDIT,2024-01-10,,0,IKA
012024/NPB/000096,2024-01-22,TOKO LESTARI,,"Rp12,947,000",KREDIT,2024-01-22,,0,IKA
012024/NPB/000114,2024-01-26,TOKO LESTARI,,"Rp510,000",KREDIT,2024-01-26,,0,IKA
012024/NPB/000140,2024-01-30,TOKO LESTARI,,"Rp9,223,066",KREDIT,2024-01-30,,0,IKA
022024/NPB/000013,2024-02-07,TOKO LESTARI,,"Rp12,046,998",KREDIT,2024-02-07,,0,IKA
022024/NPB/000029,2024-02-10,TOKO LESTARI,,"Rp510,000",KREDIT,2024-02-10,,0,IKA
022024/NPB/000063,2024-02-22,TOKO LESTARI,,"Rp15,449,512",KREDIT,2024-02-22,,0,IKA
032024/NPB/000001,2024-03-02,TOKO LESTARI,,"Rp4,032,499",TUNAI,2024-03-02,,0,IKA
032024/NPB/000027,2024-03-24,TOKO LESTARI,,"Rp4,830,003",KREDIT,2024-03-24,,0,IKA
042024/NPB/000029,2024-04-23,TOKO LESTARI,,"Rp1,519,968",KREDIT,2024-04-23,,0,IKA
042024/NPB/000030,2024-04-23,TOKO LESTARI,,"Rp1,632,956",KREDIT,2024-04-23,,0,IKA
042024/NPB/000031,2024-04-23,TOKO LESTARI,,"Rp963,000",KREDIT,2024-04-23,,0,IKA
042024/NPB/000032,2024-04-23,TOKO LESTARI,,"Rp404,500",KREDIT,2024-04-23,,0,IKA
042024/NPB/000033,2024-04-23,TOKO LESTARI,,"Rp789,000",KREDIT,2024-04-23,,0,IKA
042024/NPB/000034,2024-04-23,TOKO LESTARI,,"Rp611,500",KREDIT,2024-04-23,,0,IKA
042024/NPB/000035,2024-04-23,TOKO LESTARI,,"Rp331,000",KREDIT,2024-04-23,,0,IKA
042024/NPB/000036,2024-04-23,TOKO LESTARI,,"Rp663,499",KREDIT,2024-04-23,,0,IKA
042024/NPB/000087,2024-04-25,TOKO LESTARI,,"Rp1,077,300",KREDIT,2024-04-25,,0,IKA
042024/NPB/000088,2024-04-25,TOKO LESTARI,,"Rp119,700",KREDIT,2024-04-25,,0,IKA
042024/NPB/000089,2024-04-25,TOKO LESTARI,,"Rp119,700",KREDIT,2024-04-25,,0,IKA
042024/NPB/000090,2024-04-25,TOKO LESTARI,,"Rp119,700",KREDIT,2024-04-25,,0,IKA
042024/NPB/000091,2024-04-25,TOKO LESTARI,,"Rp478,800",KREDIT,2024-04-25,,0,IKA
052024/NPB/000022,2024-05-01,TOKO LESTARI,,"Rp846,000",TUNAI,2024-05-01,,0,MEI
052024/NPB/000023,2024-05-01,TOKO LESTARI,,"Rp560,000",TUNAI,2024-05-01,,0,MEI
052024/NPB/000024,2024-05-01,TOKO LESTARI,,"Rp636,000",TUNAI,2024-05-01,,0,MEI
052024/NPB/000025,2024-05-01,TOKO LESTARI,,"Rp336,000",TUNAI,2024-05-01,,0,MEI
052024/NPB/000026,2024-05-01,TOKO LESTARI,,"Rp505,001",TUNAI,2024-05-01,,0,MEI
052024/NPB/000027,2024-05-01,TOKO LESTARI,,"Rp240,000",TUNAI,2024-05-01,,0,MEI
052024/NPB/000028,2024-05-01,TOKO LESTARI,,"Rp955,000",TUNAI,2024-05-01,,0,MEI
052024/NPB/000134,2024-05-11,TOKO LESTARI,,"Rp3,640,729",TUNAI,2024-05-11,,0,MEI
052024/NPB/000142,2024-05-12,TOKO LESTARI,,"Rp833,500",TUNAI,2024-05-12,,0,MEI
052024/NPB/000143,2024-05-12,TOKO LESTARI,,"Rp1,088,484",TUNAI,2024-05-12,,0,MEI
052024/NPB/000146,2024-05-12,TOKO LESTARI,,"Rp322,650",TUNAI,2024-05-12,,0,MEI
052024/NPB/000237,2024-05-28,TOKO LESTARI,,"Rp1,884,001",TUNAI,2024-05-28,,0,MEI
062024/NPB/000026,2024-06-05,TOKO LESTARI,,"Rp379,187",TUNAI,2024-06-05,,0,MEI
062024/NPB/000041,2024-06-08,TOKO LESTARI,,"Rp4,132,492",TUNAI,2024-06-08,,0,MEI
112023/NPB/000014,2023-11-04,TOKO LESTARI,,"Rp10,574,011",TUNAI,2023-11-04,,0,IKA
112023/NPB/000050,2023-11-13,TOKO LESTARI,,"Rp13,561,506",TUNAI,2023-11-13,,0,IKA
112023/NPB/000102,2023-11-25,TOKO LESTARI,,"Rp10,556,014",KREDIT,2023-11-25,,0,IKA
122023/NPB/000035,2023-12-06,TOKO LESTARI,,"Rp14,358,498",KREDIT,2023-12-06,,0,IKA
122023/NPB/000074,2023-12-19,TOKO LESTARI,,"Rp15,621,504",TUNAI,2023-12-19,,0,IKA
122023/NPB/000129,2023-12-31,TOKO LESTARI,,"Rp8,974,010",TUNAI,2023-12-31,,0,IKA
012024/NPB/000039,2024-01-08,TOKO RATNA,,"Rp1,075,000",TUNAI,2024-01-08,,0,IKA
032024/NPB/000004,2024-03-04,TOKO RATNA,,"Rp1,741,000",TUNAI,2024-03-04,,0,IKA
042024/NPB/000009,2024-04-20,TOKO RATNA,,"Rp586,992",TUNAI,2024-04-20,,0,IKA
042024/NPB/000010,2024-04-20,TOKO RATNA,,"Rp1,017,992",TUNAI,2024-04-20,,0,IKA
042024/NPB/000012,2024-04-20,TOKO RATNA,,"Rp55,000",TUNAI,2024-04-20,,0,IKA
042024/NPB/000013,2024-04-20,TOKO RATNA,,"Rp50,520",TUNAI,2024-04-20,,0,IKA
042024/NPB/000213,2024-04-30,TOKO RATNA,,"Rp40,000",TUNAI,2024-04-30,,0,MEI
042024/NPB/000215,2024-04-30,TOKO RATNA,,"Rp121,000",TUNAI,2024-04-30,,0,MEI
042024/NPB/000216,2024-04-30,TOKO RATNA,,"Rp60,000",TUNAI,2024-04-30,,0,MEI
042024/NPB/000217,2024-04-30,TOKO RATNA,,"Rp52,500",TUNAI,2024-04-30,,0,MEI
042024/NPB/000221,2024-04-30,TOKO RATNA,,"Rp1,476,000",TUNAI,2024-04-30,,0,MEI
042024/NPB/000222,2024-04-30,TOKO RATNA,,"Rp67,500",TUNAI,2024-04-30,,0,MEI
102023/NPB/000069,2023-10-26,TOKO RATNA,,"Rp66,000",TUNAI,2023-10-26,,0,IKA
112023/NPB/000035,2023-11-08,TOKO RATNA,,"Rp72,000",TUNAI,2023-11-08,,0,IKA
112023/NPB/000067,2023-11-17,TOKO RATNA,,"Rp1,571,984",TUNAI,2023-11-17,,0,IKA
122023/NPB/000028,2023-12-04,TOKO RATNA,,"Rp1,286,992",TUNAI,2023-12-04,,0,IKA
012024/NPB/000004,2024-01-01,TUNAI,,"Rp25,000",KREDIT,2024-01-01,,0,IKA
012024/NPB/000021,2024-01-05,TUNAI,,"Rp1,600,000",TUNAI,2024-01-05,,0,IKA
012024/NPB/000035,2024-01-08,TUNAI,,"Rp266,000",TUNAI,2024-01-08,,0,IKA
012024/NPB/000073,2024-01-14,TUNAI,,"Rp177,000",TUNAI,2024-01-14,,0,IKA
012024/NPB/000075,2024-01-15,TUNAI,,"Rp80,000",KREDIT,2024-01-15,,0,IKA
012024/NPB/000087,2024-01-18,TUNAI,,"Rp784,000",TUNAI,2024-01-18,,0,IKA
012024/NPB/000093,2024-01-20,TUNAI,,"Rp2,535,000",KREDIT,2024-01-20,,0,IKA
012024/NPB/000095,2024-01-20,TUNAI,,"Rp1,560,984",TUNAI,2024-01-20,,0,IKA
012024/NPB/000120,2024-01-25,TUNAI,,"Rp170,000",TUNAI,2024-01-25,,0,IKA
012024/NPB/000129,2024-01-26,TUNAI,,"Rp453,984",TUNAI,2024-01-27,,0,IKA
012024/NPB/000153,2024-01-31,TUNAI,,"Rp504,000",TUNAI,2024-01-31,,0,IKA
022024/NPB/000037,2024-02-15,TUNAI,,"Rp1,195,000",KREDIT,2024-02-15,,0,IKA
032024/NPB/000003,2024-03-04,TUNAI,,"Rp518,250",TUNAI,2024-03-04,,0,IKA
042024/NPB/000002,2024-04-16,TUNAI,,"Rp72,000",TUNAI,2024-04-16,,0,IKA
042024/NPB/000003,2024-04-16,TUNAI,,"Rp60,617",TUNAI,2024-04-16,,0,IKA
042024/NPB/000004,2024-04-18,TUNAI,,"Rp664,417",TUNAI,2024-04-18,,0,IKA
042024/NPB/000046,2024-04-24,TUNAI,,"Rp32,400",KREDIT,2024-04-24,,0,IKA
042024/NPB/000048,2024-04-24,TUNAI,,"Rp350,480",KREDIT,2024-04-24,,0,IKA
042024/NPB/000049,2024-04-24,TUNAI,,"Rp25,000",KREDIT,2024-04-24,,0,IKA
042024/NPB/000050,2024-04-24,TUNAI,,"Rp302,600",KREDIT,2024-04-24,,0,IKA
042024/NPB/000068,2024-04-25,TUNAI,,"Rp126,000",KREDIT,2024-04-25,,0,IKA
042024/NPB/000070,2024-04-25,TUNAI,,"Rp31,000",KREDIT,2024-04-25,,0,IKA
042024/NPB/000071,2024-04-25,TUNAI,,"Rp32,500",KREDIT,2024-04-25,,0,IKA
042024/NPB/000086,2024-04-25,TUNAI,,"Rp1,518,000",KREDIT,2024-04-25,,0,IKA
042024/NPB/000092,2024-04-25,TUNAI,,"Rp100,000",KREDIT,2024-04-25,,0,IKA
042024/NPB/000094,2024-04-25,TUNAI,,"Rp103,000",KREDIT,2024-04-25,,0,IKA
042024/NPB/000095,2024-04-25,TUNAI,,"Rp86,000",KREDIT,2024-04-25,,0,IKA
042024/NPB/000096,2024-04-25,TUNAI,,"Rp35,000",KREDIT,2024-04-25,,0,IKA
042024/NPB/000104,2024-04-27,TUNAI,,"Rp92,000",KREDIT,2024-04-27,,0,IKA
042024/NPB/000105,2024-04-27,TUNAI,,"Rp258,000",KREDIT,2024-04-27,,0,IKA
042024/NPB/000107,2024-04-27,TUNAI,,"Rp350,000",KREDIT,2024-04-27,,0,MEI
042024/NPB/000121,2024-04-27,TUNAI,,"Rp28,200",TUNAI,2024-04-27,,0,MEI
042024/NPB/000122,2024-04-27,TUNAI,,"Rp2,350",KREDIT,2024-04-27,,0,MEI
042024/NPB/000126,2024-04-27,TUNAI,,"Rp306,000",TUNAI,2024-04-27,,0,MEI
042024/NPB/000130,2024-04-27,TUNAI,,"Rp58,750",KREDIT,2024-04-27,,0,MEI
042024/NPB/000136,2024-04-27,TUNAI,,"Rp57,500",TUNAI,2024-04-27,,0,MEI
042024/NPB/000137,2024-04-27,TUNAI,,"Rp28,750",TUNAI,2024-04-27,,0,MEI
042024/NPB/000138,2024-04-27,TUNAI,,"Rp264,000",KREDIT,2024-04-27,,0,MEI
042024/NPB/000169,2024-04-28,TUNAI,,"Rp314,000",KREDIT,2024-04-28,,0,IKA
042024/NPB/000219,2024-04-30,TUNAI,,"Rp66,000",KREDIT,2024-04-30,,0,MEI
042024/NPB/000238,2024-04-30,TUNAI,,"Rp1,747,000",KREDIT,2024-04-30,,0,IKA
042024/NPB/000240,2024-04-30,TUNAI,,"Rp173,000",KREDIT,2024-04-30,,0,IKA
052024/NPB/000005,2024-05-01,TUNAI,,"Rp72,000",KREDIT,2024-04-30,,0,MEI
052024/NPB/000012,2024-05-01,TUNAI,,"Rp200,000",KREDIT,2024-05-01,,0,MEI
052024/NPB/000061,2024-05-05,TUNAI,,"Rp200,000",TUNAI,2024-05-05,,0,IKA
052024/NPB/000062,2024-05-05,TUNAI,,"Rp66,000",KREDIT,2024-05-05,,0,IKA
052024/NPB/000063,2024-05-05,TUNAI,,"Rp1,074,700",TUNAI,2024-05-05,,0,IKA
052024/NPB/000064,2024-05-05,TUNAI,,"Rp85,000",TUNAI,2024-05-05,,0,IKA
052024/NPB/000065,2024-05-05,TUNAI,,"Rp252,000",TUNAI,2024-05-05,,0,IKA
052024/NPB/000088,2024-05-09,TUNAI,,"Rp1,000,000",TUNAI,2024-05-09,,0,MEI
052024/NPB/000104,2024-05-09,TUNAI,,"Rp60,000",KREDIT,2024-05-09,,0,MEI
052024/NPB/000136,2024-05-12,TUNAI,,"Rp240,000",KREDIT,2024-05-12,,0,IKA
052024/NPB/000137,2024-05-12,TUNAI,,"Rp84,000",KREDIT,2024-05-12,,0,IKA
052024/NPB/000138,2024-05-12,TUNAI,,"Rp1,462,600",KREDIT,2024-05-12,,0,IKA
052024/NPB/000145,2024-05-12,TUNAI,,"Rp331,275",TUNAI,2024-05-12,,0,MEI
052024/NPB/000188,2024-05-19,TUNAI,,"Rp5,000,000",KREDIT,2024-05-19,,0,IKA
052024/NPB/000233,2024-05-27,TUNAI,,"Rp269,000",KREDIT,2024-05-27,,0,MEI
052024/NPB/000247,2024-05-30,TUNAI,,"Rp870,000",TUNAI,2024-05-30,,0,MEI
112023/NPB/000006,2023-11-01,TUNAI,,"Rp280,000",TUNAI,2023-11-01,,0,IKA
112023/NPB/000019,2023-11-06,TUNAI,,"Rp30,000",TUNAI,2023-11-06,,0,IKA
122023/NPB/000003,2023-12-01,TUNAI,,"Rp165,000",TUNAI,2023-12-01,,0,IKA
122023/NPB/000021,2023-12-03,TUNAI,,"Rp135,000",TUNAI,2023-12-03,,0,IKA
122023/NPB/000027,2023-12-04,TUNAI,,"Rp478,000",TUNAI,2023-12-04,,0,IKA
122023/NPB/000044,2023-12-09,TUNAI,,"Rp350,000",TUNAI,2023-12-09,,0,IKA
122023/NPB/000068,2023-12-15,TUNAI,,"Rp489,520",TUNAI,2023-12-15,,0,IKA
122023/NPB/000096,2023-12-24,TUNAI,,"Rp740,000",TUNAI,2023-12-24,,0,IKA
122023/NPB/000114,2023-12-28,TUNAI,,"Rp858,624",TUNAI,2023-12-28,,0,IKA
122023/NPB/000118,2023-12-29,TUNAI,,"Rp177,000",TUNAI,2023-12-29,,0,IKA
012024/NPB/000038,2024-01-08,UD ANEKA SARI PRATAMA,,"Rp3,321,000",TUNAI,2024-01-08,,0,IKA
012024/NPB/000048,2024-01-11,UD ANEKA SARI PRATAMA,,"Rp533,000",TUNAI,2024-01-11,,0,IKA
022024/NPB/000001,2024-02-01,UD ANEKA SARI PRATAMA,,"Rp5,059,000",TUNAI,2024-02-01,,0,IKA
042024/NPB/000223,2024-04-30,UD ANEKA SARI PRATAMA,,"Rp264,000",TUNAI,2024-04-30,,0,MEI
042024/NPB/000226,2024-04-30,UD ANEKA SARI PRATAMA,,"Rp755,000",TUNAI,2024-04-30,,0,MEI
042024/NPB/000227,2024-04-30,UD ANEKA SARI PRATAMA,,"Rp270,000",TUNAI,2024-04-30,,0,MEI
042024/NPB/000228,2024-04-30,UD ANEKA SARI PRATAMA,,"Rp478,000",TUNAI,2024-04-30,,0,MEI
052024/NPB/000095,2024-05-09,UD ANEKA SARI PRATAMA,,"Rp1,470,000",TUNAI,2024-05-09,,0,MEI
052024/NPB/000224,2024-05-25,UD ANEKA SARI PRATAMA,,"Rp1,406,000",TUNAI,2024-05-25,,0,MEI
062024/NPB/000016,2024-06-04,UD ANEKA SARI PRATAMA,,"Rp2,943,000",KREDIT,2024-06-04,,0,MEI
062024/NPB/000067,2024-06-13,UD ANEKA SARI PRATAMA,,"Rp694,000",TUNAI,2024-06-13,,0,MEI
112023/NPB/000051,2023-11-13,UD ANEKA SARI PRATAMA,,"Rp2,533,000",TUNAI,2023-11-13,,0,IKA
112023/NPB/000117,2023-11-29,UD ANEKA SARI PRATAMA,,"Rp2,468,500",TUNAI,2023-11-29,,0,IKA
052024/NPB/000231,2024-05-27,UNIDA MART,,"Rp69,000",TUNAI,2024-05-27,,0,MEI
052024/NPB/000235,2024-05-28,UNIDA MART,,"Rp300,000",KREDIT,2024-05-28,,0,MEI